Employee_ID,Department,Age,Salary,Projects_Completed,Working_Hours,Performance_Score,Promotion_Status
1001,Finance,42,57764,3,40.698158144456094,73,No
1002,Marketing,23,86760,7,40.50863657035915,83,Yes
1003,Sales,59,41841,2,49.37107965351175,72,No
1004,Marketing,57,67767,6,39.79227812094407,54,No
1005,Marketing,58,76597,4,30.472013397225485,86,No
1006,HR,36,43743,6,38.14044568973184,65,Yes
1007,Sales,49,73515,4,40.341657640526165,79,No
1008,Sales,39,84316,5,33.69567509197282,81,Yes
1009,Sales,55,47716,6,38.81009626764981,69,No
1010,Marketing,43,94872,2,38.87349267657707,64,No
1011,Finance,32,54852,9,48.87943173558606,69,No
1012,Sales,34,78621,2,36.61173502269087,94,No
1013,Marketing,25,68746,5,44.7480704599154,63,No
1014,HR,43,71042,5,39.270206888534545,61,No
1015,Finance,28,50747,2,44.300476691070934,77,Yes
1016,HR,45,88907,5,46.97844958193893,72,No
1017,Finance,25,74888,10,41.90607182985029,70,No
1018,Marketing,49,94312,2,39.712528635179545,64,No
1019,IT,36,51138,4,45.74272858259607,74,No
1020,Finance,22,67281,6,32.68365058091504,73,No
1021,HR,24,73142,7,40.86626517178188,91,Yes
1022,Marketing,35,70905,7,33.76787624202628,64,No
1023,Finance,59,80001,3,43.999305550012764,69,Yes
1024,IT,22,67091,6,40.491898796439514,90,No
1025,IT,59,101830,9,39.638147156375155,68,No
1026,Sales,59,70597,6,38.14987667265175,66,No
1027,Sales,42,26737,8,43.38358939662638,80,No
1028,HR,50,71263,7,31.063875761541134,76,No
1029,Finance,26,88921,4,49.51314224044453,71,No
1030,Finance,31,56150,3,39.28847835089588,75,No
1031,Sales,49,55198,10,33.50056374353106,80,No
1032,Finance,42,57394,4,26.855194531002535,76,No
1033,Finance,28,53852,3,39.15867228415675,81,No
1034,IT,24,62808,10,41.151106254208386,72,No
1035,Sales,41,83639,12,41.526724212552125,62,No
1036,Marketing,40,92894,2,32.74812573696238,81,No
1037,Sales,56,33636,3,33.85051076456039,71,No
1038,Marketing,25,64323,2,46.78057582836881,71,Yes
1039,IT,26,74540,8,32.23715725649347,83,Yes
1040,HR,22,73040,3,40.5565522201749,94,Yes
1041,Finance,25,98499,7,38.073678406223095,54,No
1042,IT,33,39839,5,37.32039301808892,71,Yes
1043,Finance,48,31164,6,38.6300689789381,74,No
1044,HR,44,100933,2,37.3020472845375,76,No
1045,HR,46,81301,4,37.135326909070386,72,No
1046,IT,42,61429,9,44.99336168223284,73,No
1047,HR,45,72573,7,37.98101292129731,79,No
1048,Marketing,46,73648,4,33.9068289414009,72,No
1049,HR,53,61067,3,39.58059225618881,68,No
1050,Finance,53,72126,1,34.70590605086375,68,No
1051,Finance,26,75322,5,34.56413658153275,90,No
1052,Finance,57,100232,2,47.276236095910285,98,No
1053,Finance,37,84451,7,39.084116553483064,70,No
1054,Marketing,54,96089,6,33.61286867794944,71,No
1055,Sales,42,49846,4,39.48529706406943,79,No
1056,IT,30,64792,6,40.31908867352333,76,No
1057,Finance,27,73633,4,38.96463568962038,73,Yes
1058,HR,56,41183,4,37.55765464447715,59,No
1059,Finance,43,87727,5,33.063665064320446,65,No
1060,HR,26,79633,4,37.921820853554976,83,No
1061,HR,44,64492,6,36.030127060397305,71,No
1062,Finance,38,67249,9,39.38994275225177,98,Yes
1063,Marketing,33,88808,4,42.1133340750343,98,No
1064,HR,44,58068,3,48.75708567028873,63,No
1065,HR,37,89412,6,43.87410373824663,90,No
1066,Finance,24,66219,5,26.426490076235996,73,No
1067,HR,51,81339,6,41.11189965215366,76,Yes
1068,HR,43,71301,2,47.57884845477345,83,No
1069,Finance,30,103497,3,39.28768939466482,87,No
1070,Finance,50,56689,1,47.777924781214395,66,No
1071,IT,58,61400,5,34.476727599294136,100,No
1072,Marketing,44,47408,7,35.61246702280086,78,No
1073,Marketing,34,53548,3,39.154921494122604,51,No
1074,HR,53,80696,3,39.26901742743667,71,No
1075,Marketing,44,94002,8,44.183558043988455,100,Yes
1076,HR,38,82397,3,40.009696171587635,67,No
1077,IT,42,69919,1,39.45521404563564,100,No
1078,Finance,23,56595,5,52.38141426246365,76,No
1079,Finance,58,83476,12,36.112039630567324,74,No
1080,Finance,27,55770,4,46.44331142359387,62,No
1081,Marketing,39,49765,6,42.078042623326844,82,No
1082,IT,51,65372,3,38.167271536263684,71,No
1083,Marketing,43,39490,6,41.29408924553125,74,No
1084,Marketing,54,49279,8,35.912332947257944,72,No
1085,IT,51,98289,7,40.431193668840955,85,Yes
1086,IT,38,46497,5,39.98014798543395,72,No
1087,IT,53,52177,3,42.38163143156012,44,No
1088,IT,35,71077,5,39.41627122466071,64,No
1089,Finance,31,71858,11,48.3308508611551,59,No
1090,Sales,57,66480,3,35.58839787679542,92,No
1091,Sales,55,39949,16,36.55674595555575,82,Yes
1092,IT,30,82727,5,41.196142134530135,75,No
1093,Sales,49,63354,0,35.97196780926349,72,No
1094,Sales,32,88306,5,43.36483476107225,58,No
1095,IT,35,60327,5,46.571852248034446,72,No
1096,Sales,40,84737,3,37.40202806582307,86,Yes
1097,Marketing,36,89441,1,40.440607421684504,84,No
1098,HR,49,62995,4,43.27351069021433,80,No
1099,HR,45,83206,5,44.416613567270886,58,No
1100,IT,29,50071,2,57.38911277141736,66,No
1101,Finance,30,73955,4,33.21212565121522,79,No
1102,IT,54,88333,7,47.4708959243147,61,No
1103,Finance,54,77777,4,36.787537318729115,83,No
1104,HR,40,106093,6,36.999189841031715,59,No
1105,IT,24,78615,6,40.71497313195311,61,No
1106,Marketing,31,64520,7,40.310550362160235,59,No
1107,Sales,22,112613,8,46.25418320061689,69,No
1108,Finance,50,94505,4,32.647410163954234,56,No
1109,Sales,55,45956,6,25.11977884524354,69,No
1110,Sales,34,58237,5,49.669128442605924,64,No
1111,IT,22,54427,6,32.79992777464596,66,No
1112,Sales,55,79684,4,45.02527566990493,83,No
1113,Marketing,50,78567,2,46.97374142802946,74,Yes
1114,Sales,34,78451,2,45.67311778233597,83,No
1115,IT,50,45551,10,42.557153968502426,100,No
1116,Marketing,45,60428,2,43.72912293561498,54,No
1117,HR,47,67760,4,37.386999693754994,68,No
1118,Sales,38,42671,8,30.428258303543316,62,No
1119,IT,28,56922,3,38.26221292743364,66,No
1120,HR,34,90346,12,37.281885357455174,79,No
1121,HR,26,46688,2,35.277086446125374,96,No
1122,Finance,47,91828,3,40.24777552590979,82,No
1123,Marketing,24,86367,7,30.25312243231658,80,No
1124,Sales,28,65638,3,46.27219832244254,87,No
1125,IT,22,60266,6,39.651921339881696,92,Yes
1126,Finance,38,82477,4,37.52963084238877,96,No
1127,Marketing,46,58183,4,38.452374643289076,80,No
1128,Finance,24,58930,0,39.217793731078494,63,Yes
1129,Marketing,36,69641,9,34.818473358831284,70,No
1130,Marketing,50,38046,5,34.800222377315485,50,No
1131,Sales,53,48250,1,33.461728848237684,84,No
1132,Marketing,47,65265,5,32.9034456478638,64,No
1133,Finance,37,77135,3,35.71963670261633,66,No
1134,Marketing,46,57976,3,39.263302386937475,79,No
1135,Sales,49,67035,7,45.505324017845666,51,No
1136,Sales,30,45798,9,32.11824218967528,87,No
1137,Finance,22,83987,5,44.576957360652635,81,Yes
1138,HR,50,73301,5,31.957750837750133,69,No
1139,HR,43,74628,4,40.48222575419263,74,No
1140,Marketing,37,77323,2,32.41466095300701,66,No
1141,IT,28,71171,6,33.67701812027825,100,Yes
1142,Marketing,35,62743,8,41.58147941764527,63,No
1143,Finance,50,86944,6,41.5242263204397,78,Yes
1144,Finance,40,72353,4,43.74485906295295,71,No
1145,Finance,40,67514,7,35.34208987498113,75,No
1146,Finance,23,69870,7,44.983375018858624,81,Yes
1147,Finance,36,69550,5,47.81660099131496,81,Yes
1148,Sales,24,67363,6,41.165733737228706,70,No
1149,HR,32,76691,5,31.066280927137186,61,No
1150,Finance,51,55962,5,30.354558316597966,66,No
1151,IT,39,57058,8,40.76506132872147,69,No
1152,IT,23,78388,7,37.13888696873423,67,No
1153,IT,53,67821,4,35.021795695441824,62,No
1154,IT,29,84570,3,39.16435639376455,80,No
1155,Sales,43,76133,6,38.209834272671515,58,No
1156,IT,27,61710,4,39.19843245746728,74,No
1157,Finance,33,78626,8,35.59795074508908,55,No
1158,Marketing,57,87957,4,49.897537670545574,88,No
1159,IT,36,76704,4,34.56325138317205,67,No
1160,Sales,49,79983,12,38.65389930306743,66,No
1161,Sales,39,67423,3,29.79134764715542,64,No
1162,IT,23,84895,4,34.21773497604452,95,No
1163,Marketing,34,61289,4,33.49284097531793,90,Yes
1164,IT,36,75078,4,37.309642589563914,75,No
1165,Sales,41,108542,3,38.75552838494945,68,No
1166,HR,50,78083,3,37.89081507032071,99,No
1167,Finance,50,63689,6,37.26482872378269,80,No
1168,Sales,24,63650,6,41.071265880089044,71,No
1169,IT,40,68929,5,41.45483185607735,68,No
1170,Finance,24,82768,6,28.091582839971345,84,No
1171,IT,35,72186,4,45.28818817290992,72,No
1172,IT,25,60272,6,41.30618596330106,58,No
1173,HR,32,60245,5,30.203845478818543,77,No
1174,Finance,52,72280,4,44.49325197879079,77,No
1175,Finance,53,70635,3,45.09852585543541,75,No
1176,HR,48,76824,3,30.057278101666668,81,No
1177,Sales,51,83762,5,38.43865136947443,71,No
1178,IT,23,110910,2,41.3188117276338,75,No
1179,Marketing,30,48069,3,45.348927122316944,74,No
1180,IT,49,80302,3,42.4569993795024,58,No
1181,IT,52,71474,3,37.184475014443535,83,Yes
1182,Sales,55,42331,8,34.58734298034899,81,Yes
1183,IT,36,88742,3,32.60704663568733,86,No
1184,HR,46,76317,4,35.35883185364802,62,No
1185,HR,57,81997,9,42.688827622473774,69,No
1186,Finance,29,44508,5,44.60487605460923,88,No
1187,Marketing,30,66693,5,38.11376083228653,68,No
1188,IT,58,53812,4,45.4820779230791,96,No
1189,IT,53,102446,4,42.03907308642659,56,Yes
1190,Sales,38,87168,1,52.64047201132494,68,No
1191,HR,56,59785,2,30.837559088253737,69,No
1192,Marketing,58,46950,7,38.90717312766928,84,Yes
1193,Finance,40,72910,4,41.06101298647312,94,No
1194,HR,50,86386,5,49.238012734413616,78,No
1195,Finance,28,43974,6,32.726213898392665,43,No
1196,Sales,49,56023,6,35.16991313892843,74,No
1197,Sales,30,53416,6,40.27519267611462,76,No
1198,IT,49,83004,5,33.88389818266724,79,No
1199,Marketing,27,64452,7,38.75749673861938,74,Yes
1200,Finance,50,65080,7,31.82280647745951,90,Yes
1201,HR,38,72619,5,45.976102444839086,64,No
1202,Sales,37,56825,3,48.39579894540448,62,No
1203,IT,44,48344,10,48.57653345823583,67,No
1204,IT,52,90545,3,40.76629029396205,100,Yes
1205,Finance,24,91937,8,40.87628705711204,72,No
1206,Sales,42,72693,4,39.93893877281985,88,No
1207,Marketing,47,73782,3,44.305131689233804,88,No
1208,Sales,57,88915,7,46.30684677209175,54,No
1209,Finance,58,72349,5,43.56661316116832,74,No
1210,Finance,43,63713,7,41.21290902089693,88,No
1211,Sales,33,70590,10,43.52711104878169,100,Yes
1212,Finance,34,90897,2,39.94745758135541,87,No
1213,Sales,32,70799,6,33.293147426668675,70,No
1214,HR,37,59959,3,37.042340204455826,92,No
1215,Sales,29,72205,6,41.06477025874605,69,No
1216,Sales,23,79843,5,35.64808159523802,61,No
1217,Finance,51,78043,3,35.30133866361287,83,No
1218,Finance,51,78292,6,43.090845715207664,57,No
1219,IT,33,57599,4,43.40246832101985,67,No
1220,IT,31,81551,6,41.478402916940674,92,Yes
1221,HR,32,70426,3,37.51132475739238,83,No
1222,IT,36,59323,3,38.311779662372835,64,No
1223,Sales,37,81432,5,43.5002154091316,76,No
1224,Finance,38,63195,7,35.491723973804014,73,No
1225,IT,47,46385,4,32.725514103168344,85,No
1226,IT,23,54990,9,42.53597912936445,79,No
1227,HR,33,67275,3,39.40300063669909,76,No
1228,HR,47,78674,8,46.53608038850745,74,No
1229,Sales,44,57038,4,34.67368825587384,61,No
1230,Finance,39,66390,5,45.37343073534686,91,Yes
1231,HR,53,51750,8,37.08105914346153,80,Yes
1232,IT,59,84730,5,43.91044932507298,71,No
1233,Finance,24,95759,5,33.558031638352766,71,No
1234,Finance,59,94139,4,31.974294504584698,73,Yes
1235,IT,24,84474,5,41.75457565390501,65,No
1236,HR,51,82937,6,38.624096171874406,68,No
1237,IT,22,38921,5,40.796699199961225,86,Yes
1238,Finance,51,72657,6,35.12215289728682,56,No
1239,Marketing,53,62558,7,41.64039501489325,97,Yes
1240,Marketing,49,83206,4,46.36959213084755,75,No
1241,Sales,42,31936,6,45.483325597242846,65,No
1242,IT,34,72894,3,36.62638775245983,70,Yes
1243,IT,48,66783,4,33.71861505841592,80,No
1244,Sales,57,86776,7,39.98466666429708,69,No
1245,Sales,28,93219,6,44.23741159906254,82,Yes
1246,Sales,43,56067,2,31.55941683396971,62,No
1247,Finance,31,56744,7,43.047022177326255,65,No
1248,IT,36,73457,8,50.051413703863076,77,Yes
1249,Finance,36,96006,3,43.19822589340763,67,Yes
1250,Sales,25,70902,7,32.222455548218946,98,Yes
1251,IT,53,50812,6,34.3362883047615,84,Yes
1252,Finance,44,60911,9,36.55027657741154,81,Yes
1253,Finance,27,73039,5,39.27489140112844,76,No
1254,Sales,45,73603,6,41.745058069031074,70,No
1255,IT,41,59438,4,43.6022696361123,71,No
1256,Sales,58,60613,4,38.507624538654696,64,No
1257,IT,41,55276,6,41.280141883868474,77,No
1258,Marketing,33,87117,4,34.5930093325953,60,No
1259,HR,54,57478,5,36.47004393283409,92,Yes
1260,HR,49,63028,2,44.42480398210058,75,No
1261,HR,29,62601,4,42.26071403150487,91,No
1262,Sales,22,45910,5,42.884746255497824,85,No
1263,Marketing,58,57048,6,34.80347240765865,74,No
1264,IT,43,88422,5,39.81047589935067,80,No
1265,Finance,27,51860,8,40.4267214525505,69,No
1266,IT,42,55545,2,41.6147826467306,73,No
1267,Finance,53,50011,3,45.086311968795,65,No
1268,IT,56,68640,6,40.22562695935197,94,Yes
1269,Marketing,36,98282,6,47.95166438568293,77,No
1270,Finance,26,68009,6,30.173856832812483,85,Yes
1271,Sales,27,71001,3,38.458570599648915,69,No
1272,IT,46,58068,7,45.16191335265412,93,No
1273,IT,50,69075,7,36.26795472934283,66,No
1274,Finance,28,88435,3,44.16865588491903,73,No
1275,Sales,34,72143,4,40.48940474525391,69,No
1276,Sales,59,101976,2,49.49111025896302,78,No
1277,Marketing,39,88892,7,39.24416575928768,66,No
1278,Sales,23,68705,7,39.30417552636482,82,Yes
1279,Sales,29,68413,7,49.00595413416012,78,No
1280,Sales,32,94463,5,38.19272804638653,73,No
1281,HR,54,72059,6,45.28125944475215,62,No
1282,Marketing,59,91133,5,41.537903645279016,74,No
1283,IT,48,100043,3,45.43584374007803,73,No
1284,Finance,41,66936,3,38.254631881961515,85,No
1285,IT,33,75279,8,39.46735235516556,71,No
1286,Marketing,52,84700,6,38.162375660995494,63,No
1287,Finance,48,81512,10,30.130743748532375,53,No
1288,Marketing,53,81407,7,38.67468590930623,88,Yes
1289,Sales,31,49997,10,56.01000678546923,72,No
1290,Finance,24,57273,5,36.338317858578286,78,No
1291,Sales,48,62570,6,40.72983405737185,68,No
1292,IT,56,88216,5,45.9558268245122,67,No
1293,IT,52,51469,4,42.60762570374268,73,No
1294,Finance,36,92848,5,39.61216031153222,64,No
1295,Finance,37,81697,6,35.528809551266065,70,No
1296,Marketing,34,87313,3,47.21173442045746,83,No
1297,Marketing,56,56057,5,45.5431008884184,83,Yes
1298,Sales,32,71084,3,47.092699862734115,68,No
1299,Finance,42,74484,2,46.5926843863252,72,No
1300,IT,32,73824,6,32.862396311818124,51,No
1301,Marketing,51,74434,5,38.2409868990617,54,No
1302,Marketing,56,65852,5,41.55485569620571,68,Yes
1303,IT,43,72028,7,35.24408012274669,75,No
1304,Marketing,59,85503,7,36.8491867346942,59,No
1305,Sales,52,52502,8,43.202880320653335,83,Yes
1306,Finance,35,93205,3,42.99673937678676,85,No
1307,IT,45,84728,9,48.80439267538473,64,No
1308,Finance,53,55521,5,36.39381770036843,64,No
1309,Marketing,57,75757,6,35.34989116570616,79,No
1310,Marketing,53,83522,2,50.490723330910185,95,No
1311,IT,36,51470,8,38.7713641879083,69,No
1312,Sales,56,70629,4,30.499166520518827,86,No
1313,HR,24,68822,3,41.998249474598154,74,No
1314,IT,37,60316,7,34.624983003453,75,No
1315,HR,26,71385,8,38.06861598571859,72,No
1316,HR,42,60995,10,32.91178482852638,86,Yes
1317,Sales,31,90614,4,45.55736925593319,98,No
1318,HR,40,60600,4,42.04105327167453,85,No
1319,HR,46,81879,3,33.55156481474246,60,Yes
1320,Sales,25,45169,6,40.99174090780967,71,No
1321,HR,50,67572,10,43.35548024018698,51,No
1322,HR,40,70184,7,38.94172025315515,99,Yes
1323,HR,23,67085,3,48.27690229925794,79,No
1324,IT,31,64055,8,45.20745346887588,65,No
1325,IT,46,59987,4,37.59094245424597,78,Yes
1326,IT,41,81318,6,38.86648271819267,97,No
1327,Sales,40,84991,7,33.816901950513234,64,No
1328,Marketing,44,68767,1,31.51685797700027,68,No
1329,HR,45,53550,4,35.648241449284434,60,Yes
1330,HR,32,96909,9,36.48622889064346,81,Yes
1331,Sales,55,56803,5,46.63237189283187,73,No
1332,HR,49,48108,2,33.12622682532304,49,No
1333,IT,26,39810,8,40.4867489805315,79,No
1334,Marketing,26,71491,4,41.07256067880952,86,No
1335,Finance,42,66738,9,36.46437531995164,68,No
1336,HR,33,85464,4,45.09748940333247,74,Yes
1337,IT,25,79166,4,38.4371527751639,72,No
1338,Finance,41,74353,5,37.03671273169509,83,Yes
1339,Marketing,59,65929,5,48.21161672336262,55,No
1340,Finance,46,86649,3,35.790179915275026,67,No
1341,IT,35,98010,8,43.89239494001974,71,No
1342,Finance,32,85134,5,37.161222566033,84,Yes
1343,Sales,53,63047,4,33.92404723031848,75,No
1344,Finance,32,81723,5,38.34785409929003,59,No
1345,HR,39,63968,4,51.77876754589007,68,No
1346,HR,48,53423,6,32.78104689659835,90,No
1347,Sales,39,56514,3,36.49796777332545,59,No
1348,IT,44,64627,5,46.14544717935175,87,Yes
1349,HR,32,71559,8,35.30091584993814,86,No
1350,Marketing,42,100908,7,36.99038642178702,89,No
1351,HR,26,56774,4,40.673339699635115,88,No
1352,HR,44,89852,7,38.87571566750827,91,Yes
1353,IT,46,65241,5,42.54430151789776,53,No
1354,Finance,31,39754,4,38.686283279987194,90,No
1355,HR,43,62414,3,40.02888338157731,80,No
1356,Sales,40,87650,6,39.34634349044821,68,No
1357,Finance,22,75170,2,35.91196469383554,60,No
1358,Marketing,28,76066,5,30.749201576782774,75,No
1359,IT,25,89927,5,49.60944724720042,100,Yes
1360,Marketing,22,54454,4,35.8575482890406,81,No
1361,Finance,36,54223,8,36.15665406396545,69,No
1362,Finance,33,36044,2,40.99197830840686,100,No
1363,Finance,43,83156,6,34.827923636736195,82,No
1364,Marketing,43,78437,4,44.57870388338521,83,Yes
1365,Finance,38,80859,6,41.273051736164355,78,No
1366,Marketing,50,52254,2,38.64382441208754,81,No
1367,Finance,35,45936,5,37.501620709978894,45,No
1368,Sales,41,50205,3,33.99770912766811,76,No
1369,Finance,54,56161,7,41.56665720621633,84,No
1370,Marketing,36,93309,3,40.680988853528504,93,No
1371,HR,33,85001,4,36.769951685081836,100,No
1372,Finance,41,63126,4,42.620440389501844,88,No
1373,HR,51,74488,6,47.9026463094006,77,No
1374,Sales,59,59824,6,40.073496742460286,75,No
1375,IT,24,75464,8,38.76381505813997,66,No
1376,Sales,49,52928,5,35.19682445034266,81,Yes
1377,Finance,47,81253,2,39.2045211164316,98,Yes
1378,HR,51,57254,9,37.90300567863557,70,No
1379,HR,34,82088,4,34.767313237775475,77,No
1380,Marketing,34,63588,7,42.25622698516691,66,No
1381,HR,23,58148,3,41.3669907104626,87,No
1382,Marketing,58,94194,8,40.38197830527139,89,Yes
1383,IT,59,72654,2,38.188937843946405,66,No
1384,Finance,23,65167,2,44.607187660981076,82,No
1385,Marketing,57,81372,5,31.24847853089973,43,No
1386,IT,47,49900,2,31.4844704496993,71,No
1387,HR,32,86602,9,41.12741080736373,90,Yes
1388,HR,29,67908,7,46.3219172687293,69,No
1389,IT,43,79011,5,40.60260299927103,59,No
1390,HR,41,46781,3,40.63549439008427,83,Yes
1391,IT,29,64263,4,34.763940391729456,73,No
1392,Marketing,50,70068,6,29.27763134985805,77,No
1393,Marketing,47,85454,5,35.12682920987033,79,No
1394,IT,51,80206,2,43.221404651364566,85,Yes
1395,Marketing,38,64112,5,32.137445870495746,87,Yes
1396,Marketing,41,74769,6,35.740738693481234,79,No
1397,Marketing,37,88848,5,32.1691114557877,89,Yes
1398,Sales,28,67000,6,35.47394204925144,74,Yes
1399,Finance,37,65367,6,45.69977378722579,78,No
1400,HR,48,41654,2,36.97037154700448,75,No
1401,Sales,44,65813,4,44.571806059389864,60,No
1402,Marketing,45,43905,6,37.09485127952719,92,Yes
1403,IT,30,68284,2,47.20604399636939,75,No
1404,Marketing,56,84822,4,41.74526415620196,94,Yes
1405,Finance,41,38205,3,37.69629042683088,80,No
1406,Marketing,58,88513,3,39.19082553980684,80,No
1407,IT,38,65046,3,32.79227829748434,86,No
1408,Finance,52,69592,4,37.444881759286105,78,No
1409,Marketing,29,62463,6,47.102837480272306,67,No
1410,Finance,36,44301,3,41.79654123284111,73,No
1411,HR,52,58255,7,29.561200727867785,89,Yes
1412,HR,51,101461,3,39.14457862010688,83,No
1413,Marketing,41,53559,3,40.84029846648464,64,No
1414,Finance,33,46171,11,43.75283823303913,78,No
1415,IT,38,72119,2,38.12574339604771,63,No
1416,Marketing,51,68713,8,39.39975905024072,76,No
1417,HR,50,65150,10,45.163722788135544,87,Yes
1418,HR,40,70216,4,38.78374074393839,67,No
1419,Marketing,32,79663,5,36.356507597842466,73,No
1420,Finance,55,61192,5,44.17869815927738,63,No
1421,HR,28,72916,4,44.272118318558164,82,No
1422,Finance,55,85358,8,29.195884889017584,76,No
1423,HR,41,55070,11,41.29468323215024,67,Yes
1424,HR,59,35167,7,34.963121434346014,80,No
1425,Sales,45,80062,5,41.99955662375765,74,No
1426,HR,31,107544,7,44.762929944593495,81,Yes
1427,IT,53,69889,4,43.09622668191208,63,No
1428,Marketing,36,73028,5,43.58972337748811,71,No
1429,Marketing,58,65562,3,36.69820866985634,76,Yes
1430,Finance,41,93820,8,37.712122099314264,83,Yes
1431,HR,24,68833,2,42.96344091294738,63,No
1432,IT,58,67201,7,40.35467301190919,76,No
1433,Finance,29,83662,2,32.28282487236463,86,No
1434,Sales,44,62735,2,44.457081687056764,75,No
1435,Finance,32,50729,4,32.68296520644489,71,No
1436,Finance,29,83234,6,41.62381851655467,68,No
1437,HR,50,61126,6,41.03634359931889,68,Yes
1438,Sales,51,55368,4,45.90788707040461,77,No
1439,Finance,31,101500,8,38.821131156876035,51,No
1440,IT,49,67321,8,29.855185809604613,68,No
1441,IT,57,77413,9,40.71647112203555,80,No
1442,Marketing,34,70442,5,41.66301114581395,83,No
1443,Sales,53,56705,4,45.368121559248166,63,No
1444,Sales,57,80341,5,37.360476454235,67,No
1445,Marketing,58,74718,6,43.51597445134003,75,No
1446,Finance,47,60109,3,44.485168332672764,82,No
1447,Sales,43,76497,6,36.33922243826305,70,No
1448,IT,25,62285,9,41.585008245632416,73,No
1449,IT,52,53432,3,32.64014259420435,79,Yes
1450,HR,39,51914,6,42.820516142570995,61,No
1451,Sales,59,74050,3,41.11193429412983,94,No
1452,Finance,45,64259,5,33.806519195165194,75,No
1453,Marketing,44,92525,2,38.01532869782189,70,Yes
1454,Marketing,43,69355,5,45.42469768218452,88,Yes
1455,Finance,23,58221,2,40.99924190809515,76,No
1456,HR,52,72367,4,36.58601912702713,72,No
1457,Marketing,32,50585,3,36.161080843241834,79,No
1458,Sales,49,68738,6,45.01582390914182,75,Yes
1459,HR,53,74787,7,37.54480568129842,67,Yes
1460,Sales,26,72935,6,41.10307405114723,87,Yes
1461,IT,59,89541,4,37.9351288636805,57,No
1462,HR,31,108962,8,28.939005995475178,70,No
1463,Marketing,45,80070,4,36.733816448136324,97,No
1464,HR,56,87681,6,45.68982306048378,76,Yes
1465,HR,44,108151,6,50.719739071328476,55,Yes
1466,HR,38,54906,4,36.1331468021662,88,No
1467,HR,22,71959,6,41.6666273706226,71,No
1468,Sales,52,62830,5,51.64373268153594,62,No
1469,IT,52,82639,4,46.00476748419155,87,No
1470,Finance,55,74074,6,33.93866923208076,88,Yes
1471,HR,30,57723,6,38.67707317829605,92,Yes
1472,Marketing,43,70164,7,41.2884132869431,63,No
1473,HR,34,85703,6,46.3635630612383,73,No
1474,Marketing,46,50444,6,33.98375632884937,71,No
1475,Sales,39,58039,8,43.87108270909179,63,No
1476,Marketing,33,55790,6,43.51783318765236,81,Yes
1477,Finance,38,74895,7,38.480091762581566,88,Yes
1478,IT,36,88607,3,50.72073950003993,69,No
1479,Marketing,36,39853,2,35.44309694756791,76,No
1480,Marketing,36,71415,5,41.82048143868168,76,No
1481,IT,34,56136,9,40.99701174264831,88,Yes
1482,Finance,38,85081,3,41.880035002142414,75,No
1483,HR,53,66445,2,45.77739219252086,75,No
1484,Marketing,30,71960,5,33.28664287561669,85,Yes
1485,IT,41,69979,1,40.79261667715983,76,No
1486,Sales,47,86863,4,49.84766013806927,68,No
1487,IT,48,100729,6,43.991195504129294,61,No
1488,Sales,42,52980,4,36.69563852635501,67,No
1489,Finance,39,55711,5,35.99993454820554,77,No
1490,HR,34,74822,5,42.58887704348109,59,No
1491,IT,37,57753,1,37.55343510119857,78,No
1492,Marketing,30,84003,9,39.28591532741655,56,No
1493,Finance,33,86411,3,36.28270585136137,63,No
1494,IT,59,61801,2,50.3697849216461,82,No
1495,Marketing,40,58546,6,41.73227195747159,69,No
1496,IT,28,65878,5,40.26384824932014,77,No
1497,Sales,56,71560,3,31.83797131965046,74,No
1498,IT,39,74722,4,35.872424942865166,93,No
1499,IT,37,36207,5,39.69527123567968,76,No
1500,IT,25,55488,8,39.7012520616444,62,No
1501,Finance,46,63938,3,48.304457089246526,82,No
1502,IT,53,58045,6,40.618887494147245,62,No
1503,Marketing,34,27029,9,45.19149307725751,86,Yes
1504,Sales,38,41674,7,40.89649881478708,84,Yes
1505,Sales,58,50419,3,44.305032562249785,78,No
1506,IT,27,68270,4,31.660140586261235,84,No
1507,Finance,40,63456,4,33.7175080725634,89,No
1508,Finance,34,60526,11,44.61903710058596,74,No
1509,Marketing,47,81947,4,47.48270354115583,77,No
1510,IT,35,81942,5,31.46770722420264,77,No
1511,Sales,52,72248,7,40.060988817754804,66,No
1512,Finance,25,71801,13,32.50218391223361,68,No
1513,IT,29,57150,8,36.679155422349595,75,No
1514,Finance,46,58945,6,30.495780213143703,74,Yes
1515,Finance,34,44385,5,39.40780062534882,78,No
1516,Sales,53,66238,4,39.07756213644849,69,No
1517,HR,59,81786,3,39.01696600347083,57,No
1518,Marketing,59,90314,9,38.536726772879994,92,Yes
1519,Marketing,49,66328,7,43.17455450187747,58,Yes
1520,Sales,51,77375,9,48.57230407318653,84,Yes
1521,Finance,24,27160,6,33.956165173127,71,No
1522,IT,49,63506,7,35.79745854749075,77,No
1523,Finance,24,63154,4,40.64697424941804,82,No
1524,Sales,55,92367,6,38.659846610415386,69,Yes
1525,Marketing,37,75894,4,38.4168963047843,58,No
1526,Finance,43,77413,2,33.437845168828375,87,No
1527,Marketing,53,76634,4,37.72134640632386,83,No
1528,IT,59,70681,5,37.77140803371529,75,No
1529,Marketing,29,92985,3,41.09404479905497,84,No
1530,Marketing,29,35420,6,35.462690145954674,78,No
1531,HR,27,72193,2,44.461808217987986,74,No
1532,HR,35,86947,2,33.67648694660499,72,No
1533,HR,53,41629,5,47.77091191142094,49,No
1534,Marketing,56,82568,6,35.91137187546202,78,No
1535,Sales,31,58582,4,47.211405444408804,62,No
1536,Marketing,24,71647,2,36.250447841315335,80,Yes
1537,Sales,33,58294,5,44.152859008826475,71,No
1538,Sales,52,84387,7,38.17575254641595,54,Yes
1539,HR,50,65674,9,40.40294283621679,74,No
1540,Finance,26,82686,5,43.00918114025815,69,No
1541,IT,46,76529,7,38.3321892493241,91,Yes
1542,HR,52,58093,10,30.483349135188398,50,Yes
1543,HR,42,77527,5,36.82010376157835,65,Yes
1544,Finance,41,60046,6,37.47240025043135,60,No
1545,IT,43,70961,7,48.64263900787776,84,Yes
1546,Marketing,25,65401,6,39.76393725510287,77,No
1547,Marketing,34,83498,9,40.85304675100049,83,No
1548,HR,41,78104,6,39.42190742839213,61,No
1549,IT,34,69539,4,41.089610796033156,63,No
1550,HR,38,59714,7,33.81111128092631,75,No
1551,Sales,57,50965,3,36.56475029724814,95,Yes
1552,HR,54,72034,4,43.31265650326987,81,Yes
1553,HR,22,60515,3,38.883961508361516,64,No
1554,Marketing,36,41830,5,39.4934941932812,77,No
1555,Marketing,34,50049,2,39.89903869644119,82,No
1556,Marketing,38,94388,3,43.440457028421555,58,No
1557,Sales,45,60100,3,36.79584523833326,71,No
1558,Marketing,29,86232,7,40.49962172692344,72,No
1559,IT,48,64650,4,29.23376607324596,96,No
1560,Finance,44,88593,7,31.94079986912812,76,No
1561,IT,29,87507,5,38.75666489633793,94,Yes
1562,IT,29,57614,3,34.47375953367688,66,No
1563,Marketing,47,40180,7,44.9163476596129,81,Yes
1564,Finance,34,41450,4,34.65946735241216,58,No
1565,Finance,58,57870,4,39.36109678235394,82,Yes
1566,Finance,49,98344,5,44.012140705639965,70,No
1567,Sales,46,63841,3,42.46636078801917,71,No
1568,Marketing,37,72178,6,37.27632989493211,83,Yes
1569,Finance,23,89550,9,38.05054500447839,84,Yes
1570,Sales,39,71654,3,42.37343217002658,78,No
1571,HR,38,71138,2,44.03442589529975,96,No
1572,HR,51,79339,2,47.48467596676118,75,No
1573,Sales,34,74334,7,44.02600678436038,78,Yes
1574,Sales,53,68507,5,43.42690308946883,78,No
1575,Marketing,50,59178,8,41.71303771173369,83,Yes
1576,Marketing,51,71177,6,40.60429404488186,75,No
1577,HR,39,86415,4,38.14544858469491,62,No
1578,Finance,34,96730,4,42.49227103314201,79,No
1579,HR,42,74384,7,38.81774318696159,56,No
1580,Finance,51,81327,2,43.48241867240258,85,Yes
1581,Finance,42,74045,2,43.61177931197476,89,Yes
1582,Marketing,38,68690,5,42.3511348159252,69,No
1583,IT,40,77713,6,36.888639090407686,68,No
1584,IT,36,87839,6,39.55857672186227,51,No
1585,Sales,30,56704,3,45.419269225493785,74,No
1586,Marketing,31,48229,13,31.465442399471055,79,No
1587,Finance,52,62004,6,40.95038922187341,78,Yes
1588,IT,44,73174,4,43.785277969670425,78,No
1589,Finance,51,83048,7,42.173110583938545,71,No
1590,IT,54,55157,4,50.34680640874288,85,Yes
1591,IT,30,32671,9,31.94069840640984,63,No
1592,IT,22,62358,4,34.08176750169213,63,No
1593,Marketing,56,67091,4,40.91160175808842,58,No
1594,HR,32,52565,8,44.65980915956609,67,Yes
1595,Finance,55,58658,4,40.28682227417401,61,No
1596,Marketing,37,83009,7,46.58997614806863,47,No
1597,Marketing,30,71171,4,37.11377803890668,66,No
1598,Marketing,53,75184,2,38.63568441767967,84,No
1599,Marketing,36,64664,5,43.81342356597395,78,No
1600,Marketing,33,58688,4,38.23128705916589,82,No
1601,Sales,54,64556,5,44.684418996506395,81,Yes
1602,Finance,35,77483,2,43.47379653133922,71,No
1603,Marketing,29,47630,4,37.91832703639925,72,Yes
1604,Finance,29,94752,3,41.49778763644795,66,Yes
1605,Sales,48,78622,4,37.609929907838094,77,Yes
1606,Sales,33,61961,6,35.53871849879985,100,Yes
1607,Finance,22,82201,9,38.04341964852054,59,No
1608,IT,32,88335,6,39.10282053449955,86,Yes
1609,HR,52,65044,8,40.55858521738941,68,No
1610,IT,38,66751,4,39.456627633617174,92,Yes
1611,IT,54,92402,5,31.22496016142025,79,Yes
1612,IT,53,101784,5,44.95426596332514,68,Yes
1613,Marketing,50,70441,6,31.488674404995592,72,No
1614,Sales,42,52626,3,40.94417534052975,83,Yes
1615,IT,42,62940,2,36.29512690434771,95,No
1616,Sales,44,85495,2,40.730248467918166,84,No
1617,Finance,27,54546,5,38.87926296927033,69,No
1618,HR,43,66875,3,41.73862304307836,80,Yes
1619,Finance,59,74388,4,42.60226458048034,94,No
1620,Finance,58,56159,10,45.18952975271178,80,No
1621,Marketing,29,86446,4,43.865714295179934,73,No
1622,HR,56,80409,6,40.206931127505634,58,No
1623,Finance,32,100143,7,44.71601625002824,89,Yes
1624,Finance,45,81721,7,37.45591607796945,73,Yes
1625,HR,42,55586,6,48.404530031315886,66,No
1626,HR,23,77955,3,37.02808418611188,83,No
1627,Finance,40,84820,1,37.65112763593679,84,No
1628,HR,49,85592,6,30.915201140267477,63,No
1629,Finance,38,58347,6,36.66126845245939,65,No
1630,Finance,27,56554,5,38.66472335827941,81,No
1631,Marketing,40,52905,5,38.63843286663813,89,Yes
1632,IT,59,94070,3,48.41450797116272,71,No
1633,Finance,49,79343,7,42.92498050395161,72,Yes
1634,Sales,23,57681,9,44.69504423016115,66,No
1635,IT,59,71907,2,40.000601702389936,89,Yes
1636,IT,58,68144,10,36.494572975331785,82,No
1637,IT,25,55411,6,50.89447679700974,61,No
1638,Marketing,43,70542,6,39.495385267982996,94,No
1639,Finance,47,72860,4,43.222375854574295,100,No
1640,Marketing,57,98968,5,35.26233096252449,53,No
1641,Finance,34,60164,5,34.14692963989092,79,No
1642,Marketing,53,44359,8,47.47910764365659,56,No
1643,Marketing,38,54265,1,42.162517670714216,71,No
1644,Sales,57,56610,3,38.88773350272871,57,No
1645,Marketing,40,63596,4,39.05683718536039,92,No
1646,HR,56,54302,4,34.8244579602961,70,No
1647,Sales,49,82331,3,37.19470009444776,87,No
1648,Marketing,22,53259,11,42.12858228987631,77,No
1649,IT,39,70300,7,40.22824990521544,95,Yes
1650,HR,54,100002,5,43.764061306150666,60,No
1651,HR,33,78303,4,26.296284155848788,48,No
1652,HR,29,76761,5,40.87150164028254,68,No
1653,Sales,45,97859,6,43.89916672892939,70,No
1654,Marketing,37,88684,4,28.96922630752504,55,Yes
1655,Marketing,25,78476,8,34.82996618936835,80,No
1656,IT,59,65339,6,32.769773980374666,79,No
1657,IT,48,69659,7,46.48264235875451,90,No
1658,HR,30,68930,5,40.36047183326849,87,No
1659,IT,37,63978,5,40.705677874792855,69,No
1660,Sales,33,73180,5,45.672336007334984,61,No
1661,Marketing,52,75261,1,39.4459717287161,54,No
1662,HR,45,51330,5,36.75072907360628,72,No
1663,IT,35,94480,5,40.85602872166122,72,No
1664,Sales,46,76146,4,42.1511235888563,79,No
1665,Sales,55,66058,8,34.34578427988733,55,Yes
1666,IT,24,73317,4,47.832072608465225,76,No
1667,Marketing,45,83955,5,30.53378445493439,81,No
1668,IT,30,47999,8,41.63227400517305,67,No
1669,HR,47,68424,4,48.36853031908058,81,No
1670,IT,41,52212,9,40.60518573369766,72,No
1671,Sales,31,109855,8,29.7256802482676,89,Yes
1672,IT,40,72072,5,47.43299415374714,92,Yes
1673,Marketing,24,52333,5,37.59392905068762,75,No
1674,Finance,45,123992,6,43.904395002108075,85,Yes
1675,IT,26,61959,9,42.09462524295276,58,No
1676,Marketing,24,66863,5,39.918899572421964,69,No
1677,Marketing,48,67948,6,29.70534923394151,79,No
1678,Sales,37,57280,7,42.03476931529932,69,Yes
1679,Marketing,36,73710,8,43.69050528932459,71,No
1680,Marketing,56,36838,7,31.99509637992946,63,No
1681,Marketing,33,86288,3,48.37291628494877,95,Yes
1682,Marketing,47,53082,4,38.06912305643094,63,No
1683,HR,55,63770,2,49.082010606650556,84,Yes
1684,HR,44,81272,5,43.335111612564226,68,No
1685,Sales,52,66933,5,40.118364374697336,82,Yes
1686,IT,41,67546,3,40.523793423186795,67,Yes
1687,Marketing,33,54818,3,44.92416326138739,70,No
1688,IT,44,101434,6,47.63992982350214,79,No
1689,IT,25,77972,7,35.14067071057243,82,Yes
1690,Sales,44,53758,4,37.007142797867935,85,Yes
1691,Marketing,22,72672,7,48.29014573483906,75,No
1692,Marketing,46,52697,5,35.58917893126998,87,Yes
1693,Finance,23,95836,2,40.11071281285086,77,No
1694,IT,51,72994,5,36.56355921846756,73,No
1695,IT,24,55366,3,43.69607220781427,85,No
1696,HR,42,80463,4,27.68157004014035,76,No
1697,Finance,46,65828,4,43.67332166001563,77,No
1698,HR,41,50676,3,45.80178873404611,63,No
1699,HR,43,75715,3,43.287342587923696,67,No
1700,HR,42,75292,7,35.842779530236115,79,No
1701,Sales,54,87066,2,22.283405389472357,64,No
1702,Sales,59,70967,1,36.612592661488385,75,Yes
1703,HR,36,71605,4,43.258889959524026,52,No
1704,Finance,36,72401,3,39.877188010669414,97,No
1705,IT,46,93929,5,44.39404041242736,83,Yes
1706,Finance,42,65348,4,38.893858499732396,69,No
1707,Marketing,45,77041,5,38.64082286211967,93,Yes
1708,Sales,26,79251,4,48.0009367827074,64,No
1709,IT,27,75246,7,36.54762491981729,68,No
1710,IT,44,64781,4,43.23278325634128,81,No
1711,Marketing,25,71809,10,43.92045766178647,86,Yes
1712,Marketing,48,68595,4,51.85694205902249,68,No
1713,HR,39,99388,7,48.27849098912338,80,No
1714,Sales,42,63133,3,42.74513494976488,79,No
1715,Sales,49,56311,4,43.54872871613777,74,No
1716,Finance,56,69906,5,46.30939840260071,68,No
1717,HR,43,68849,7,36.79204068495162,85,Yes
1718,HR,44,72952,2,48.80718185873016,50,Yes
1719,HR,24,63138,3,39.84401936228669,76,No
1720,HR,31,71655,8,43.40869568867949,66,No
1721,Sales,46,71944,2,41.807406192749056,73,No
1722,Sales,29,83589,10,36.21492024128822,66,Yes
1723,HR,32,71395,3,38.09506912442218,60,No
1724,Finance,26,71537,8,36.01309071526433,67,No
1725,IT,58,77745,4,41.09639856767332,68,No
1726,IT,59,83014,10,32.34059770911201,72,No
1727,Finance,50,55244,4,35.05520009876447,74,No
1728,HR,26,51215,8,37.78312521295445,82,Yes
1729,Sales,30,95432,4,39.21133242430333,92,No
1730,IT,23,80561,5,47.27920200760223,75,No
1731,Marketing,22,66709,6,44.97482556448169,62,No
1732,Marketing,51,70295,5,39.41348392658883,84,Yes
1733,Finance,32,64111,5,49.072024793324914,78,No
1734,HR,49,73169,2,41.678047221805535,63,No
1735,IT,33,55422,6,43.37061533201232,75,No
1736,HR,47,82602,5,30.54445874375925,83,Yes
1737,IT,34,72631,5,35.29125349344968,64,No
1738,Finance,29,73174,3,45.23824427370561,68,No
1739,Finance,49,56590,5,43.27381314021384,75,No
1740,Marketing,51,77864,7,48.976107829631445,71,No
1741,HR,30,56935,4,48.587502805125865,56,No
1742,Marketing,52,59617,4,37.34649218656411,100,No
1743,HR,42,71314,7,45.75558182077189,67,No
1744,Marketing,55,107609,5,35.087140389983766,66,No
1745,Sales,52,72571,5,32.05975554873797,70,No
1746,Sales,46,31467,3,41.59537890408089,73,No
1747,Sales,33,60362,7,43.82692462630525,78,Yes
1748,Sales,22,80255,9,41.67369314454628,62,No
1749,IT,43,53073,8,44.7808307276131,89,Yes
1750,Sales,58,82466,7,37.09190453279393,57,No
1751,Finance,22,72382,5,45.09406688481246,69,No
1752,Finance,22,84869,7,37.40047426029389,84,Yes
1753,IT,42,61617,3,51.944123940562164,83,No
1754,Sales,36,60448,7,44.280259820918246,41,Yes
1755,Sales,38,78474,13,47.886650387907785,74,Yes
1756,Sales,43,69887,6,33.777726956476194,75,No
1757,Marketing,59,68979,5,37.896494315021236,77,No
1758,HR,56,93534,3,39.571449543347285,67,Yes
1759,Marketing,37,79062,8,34.191650691600614,71,No
1760,HR,29,40151,2,48.07314843994563,81,Yes
1761,Sales,38,81986,7,40.28371935245566,83,No
1762,Sales,38,80484,3,32.45208927155603,57,No
1763,Marketing,47,87773,6,37.51659838069467,80,No
1764,Marketing,34,55904,2,34.38348771056889,79,No
1765,HR,38,74872,6,43.72588549409451,85,Yes
1766,Finance,59,71674,1,43.03507171515991,64,Yes
1767,HR,38,55635,7,43.238009428245654,80,No
1768,Marketing,35,84201,3,44.90330141711607,52,No
1769,Marketing,27,66376,6,50.98604346439569,70,No
1770,IT,56,87290,0,49.07266908419696,71,No
1771,Marketing,35,58857,5,37.760519562093826,75,No
1772,IT,29,48091,5,50.64713560976888,83,Yes
1773,Finance,36,66361,5,38.998568529522544,61,No
1774,HR,48,73478,5,40.52459790326984,89,Yes
1775,HR,34,61987,5,40.35566196240834,46,No
1776,IT,52,24033,2,43.32349516777822,54,Yes
1777,HR,56,75754,6,30.665977235290896,86,Yes
1778,Marketing,27,75684,5,40.124524377961755,76,No
1779,Sales,26,80307,7,41.476787627786976,95,Yes
1780,IT,43,64292,4,31.575988114286424,84,No
1781,HR,44,63474,9,31.482864368846506,75,No
1782,IT,46,91604,4,35.871359643879856,69,No
1783,IT,55,46368,2,36.29734308934891,67,No
1784,Sales,47,66293,5,40.21446217212689,79,No
1785,Marketing,26,72134,5,39.33463874392887,68,No
1786,IT,47,79090,6,45.870077639176856,77,No
1787,HR,41,72546,5,38.10016901827785,66,No
1788,Finance,27,56170,2,38.19340658854802,77,No
1789,IT,27,87514,8,45.01946121390696,93,No
1790,IT,39,70028,4,30.486539475751805,81,No
1791,Sales,25,44979,6,48.86801576006067,69,No
1792,Marketing,38,73137,6,32.3873923243693,79,Yes
1793,Finance,35,77129,5,45.104300739452896,78,No
1794,HR,35,99411,6,44.22079532032005,77,No
1795,Finance,34,76131,4,47.82616240310614,79,No
1796,HR,28,47769,9,36.42799056761808,85,No
1797,Marketing,36,48296,4,40.210357049723555,87,Yes
1798,HR,40,88880,6,34.24168194091153,75,No
1799,Sales,56,57957,7,39.69348506886666,58,No
1800,Sales,38,46756,4,39.48795035125671,76,No
1801,Sales,56,85007,1,47.76811400435575,73,No
1802,Sales,40,62863,4,42.687804030768746,81,No
1803,Finance,41,84205,4,39.83051283191253,60,No
1804,Marketing,57,56279,6,39.76584906269455,81,No
1805,HR,56,92107,4,37.70426038827735,76,No
1806,HR,53,83080,1,38.80459398963155,63,No
1807,Sales,45,59159,3,40.410651128020724,50,No
1808,Sales,38,45094,12,49.694495892408,85,Yes
1809,IT,28,104577,1,42.008974913845414,63,No
1810,Marketing,22,66846,3,34.823319489951466,57,No
1811,Finance,56,58559,5,53.04021522833996,68,No
1812,HR,53,90794,4,45.172362193280016,89,No
1813,IT,57,84186,6,44.8598673108806,77,No
1814,IT,34,87741,5,38.91999848499362,80,No
1815,HR,27,68522,3,43.987604032424954,74,No
1816,Finance,35,98215,8,41.52150131496392,78,No
1817,IT,58,50340,5,33.20359273521219,72,No
1818,IT,36,61719,7,42.26819774894655,69,Yes
1819,Marketing,25,75848,3,33.72530435533609,67,No
1820,Finance,37,87521,10,41.49021417223551,71,No
1821,IT,49,79917,9,41.956618472175926,100,Yes
1822,Finance,37,68757,7,35.43841949975331,81,Yes
1823,HR,25,62872,4,40.58782104500777,64,No
1824,Sales,47,87602,2,42.97229517887928,59,No
1825,IT,49,81465,5,37.437160694075715,73,No
1826,Marketing,53,56882,6,42.28581035343221,54,No
1827,HR,23,56435,7,46.361527680633124,85,Yes
1828,Finance,52,61817,6,44.210765559649325,44,Yes
1829,HR,24,59893,8,38.45046329843217,71,Yes
1830,IT,29,85447,3,47.265946124587096,53,No
1831,Finance,45,76535,4,43.76450902965648,80,No
1832,Sales,36,78366,3,39.15445557954456,65,No
1833,HR,52,72875,7,36.91604950858258,83,Yes
1834,IT,30,73581,6,43.09362246369607,49,No
1835,Marketing,23,46272,7,45.42680529231396,88,Yes
1836,Finance,29,81912,5,45.67042965096456,79,No
1837,HR,28,61547,4,43.08152072551803,74,No
1838,HR,37,69502,5,38.295209827928126,64,No
1839,Sales,56,62902,5,42.84062663722577,71,No
1840,Sales,51,72188,3,35.695803158971046,83,No
1841,Marketing,31,78596,4,41.45014638140895,64,No
1842,Marketing,59,54867,6,48.991524074790256,73,No
1843,IT,39,73791,10,34.96269209273455,71,No
1844,IT,26,63264,5,37.232565441388246,77,No
1845,Marketing,50,89821,2,44.73381066630633,58,Yes
1846,Marketing,55,53280,7,35.618051002322915,92,No
1847,Finance,44,54962,3,47.673625776163135,86,No
1848,Sales,26,64606,3,44.880620135721784,53,No
1849,IT,51,56115,6,45.08924844876583,51,No
1850,Sales,27,66634,6,45.68929578715515,91,Yes
1851,Sales,25,62081,6,33.537936556480034,75,No
1852,Marketing,50,71326,3,34.59178588684472,53,No
1853,Finance,44,85121,7,46.60050650984401,69,No
1854,HR,27,71069,11,38.465446077843254,71,No
1855,Finance,53,72435,9,39.638569599291955,82,Yes
1856,Finance,39,54140,6,43.53945691178344,86,Yes
1857,Sales,36,67989,3,40.75653334862382,76,No
1858,Finance,53,63673,3,45.40342977029003,72,No
1859,IT,30,80224,4,42.89248968806625,69,No
1860,Sales,58,58531,8,39.01115322569674,91,Yes
1861,IT,31,57090,4,39.52528313041287,69,No
1862,HR,41,74761,5,41.29173736379808,81,Yes
1863,Sales,27,99701,10,41.949760523484194,62,No
1864,HR,24,67360,7,44.023656928963895,59,No
1865,Sales,32,72523,5,40.82777416792792,77,No
1866,Marketing,38,84220,5,39.577126424566714,70,No
1867,Finance,53,77648,3,39.09972545081826,58,No
1868,Marketing,25,77747,6,37.83937863703324,71,No
1869,HR,25,68572,4,48.02408192744937,100,No
1870,Finance,38,68863,4,35.63392978504536,74,No
1871,Sales,40,58672,1,33.69770153281995,71,No
1872,Finance,26,77295,8,44.4569599748989,71,No
1873,IT,53,76953,0,42.40699723696423,89,No
1874,Finance,43,80757,4,50.322007612524715,73,No
1875,IT,27,62678,7,39.58285827324924,77,No
1876,Finance,56,82452,7,39.85512155291307,83,Yes
1877,IT,43,87000,7,35.88174302413965,90,Yes
1878,HR,22,51790,2,40.50367737322407,66,Yes
1879,Marketing,41,65546,7,31.331052184972894,63,No
1880,Sales,43,87625,3,30.56115478452988,66,No
1881,Finance,32,60256,6,37.28301660473257,82,No
1882,Marketing,34,77931,4,40.33159956377654,84,No
1883,Sales,24,70128,2,37.06518949900435,77,No
1884,Sales,30,74963,2,37.1074906230785,86,No
1885,IT,33,70585,3,32.45848817008736,84,No
1886,HR,44,81192,1,43.157784542762876,67,No
1887,HR,35,54677,8,36.43669074917963,57,No
1888,Marketing,54,56300,5,48.29769123093804,69,No
1889,HR,39,91967,5,39.65375094054641,81,Yes
1890,Finance,30,101505,6,34.74281682563771,80,No
1891,HR,44,69918,1,28.471471569044667,53,Yes
1892,Marketing,31,95728,4,33.85927283585465,46,No
1893,HR,40,58423,1,39.68303088521235,83,No
1894,Finance,26,62026,1,28.118425538859242,83,No
1895,IT,44,91862,5,36.03729657168252,79,No
1896,Marketing,51,82061,1,37.339397877266926,85,No
1897,IT,46,94096,4,36.29903107149051,77,No
1898,IT,49,77028,7,37.0774734931214,59,No
1899,IT,55,54811,4,37.673107446884174,71,No
1900,Sales,46,73353,4,36.07432442604811,74,No
1901,Sales,31,88030,4,47.3496776791026,68,No
1902,IT,35,68008,1,36.916284918278784,67,No
1903,Marketing,51,65703,6,26.859232623113527,73,No
1904,Finance,46,77257,3,31.81867048712675,65,No
1905,Finance,35,61607,4,43.00961499056658,49,No
1906,HR,56,74432,5,42.25220285682239,76,No
1907,Marketing,55,70952,8,37.37434352388789,89,Yes
1908,Sales,31,62643,3,32.94341771142599,48,No
1909,IT,56,84711,4,43.557380441587995,76,No
1910,HR,32,79689,2,32.064484606583946,62,No
1911,Finance,32,64694,3,41.86813311395127,83,No
1912,Sales,42,69775,2,37.85433798730718,79,No
1913,Sales,42,65930,6,42.498129526883524,87,Yes
1914,IT,43,60420,5,37.46738468193123,64,No
1915,Finance,28,44525,2,47.30135255234011,75,No
1916,Marketing,38,62742,0,30.77554280070687,100,No
1917,Sales,23,60639,4,42.876514236548324,77,No
1918,IT,33,71723,4,38.26939207051692,83,No
1919,Marketing,39,76610,8,36.480695831958194,91,Yes
1920,Finance,32,57967,4,46.27585929335245,64,No
1921,Sales,37,75602,3,34.911998317524485,50,No
1922,Marketing,39,55656,6,41.17067084683741,54,No
1923,Marketing,56,68120,4,40.61018464010093,61,Yes
1924,Marketing,47,60963,7,33.84830075404049,69,No
1925,Sales,37,81192,5,44.12777803011714,80,No
1926,Sales,27,71751,5,50.105226932872576,86,Yes
1927,HR,33,68347,5,48.09846538973699,62,No
1928,Finance,34,60621,4,41.98569208326585,100,No
1929,IT,25,65067,6,38.859951522302616,90,Yes
1930,Marketing,23,97435,2,44.081441439760624,68,No
1931,HR,47,62483,5,44.84017206767024,100,No
1932,IT,48,77191,4,40.454841211128084,82,No
1933,HR,48,68310,9,28.051363178320052,74,No
1934,Sales,36,76762,2,32.21853710398693,63,No
1935,Marketing,29,82554,7,42.29831573318636,61,No
1936,IT,28,64690,4,41.623462873253615,86,No
1937,IT,33,80646,4,37.69030927891639,76,No
1938,IT,34,111349,7,41.37280039577986,80,No
1939,IT,38,78513,6,32.67813011872023,61,No
1940,IT,38,94203,5,39.104461812094314,81,Yes
1941,HR,57,77215,4,38.32007987726731,75,No
1942,Marketing,42,56020,2,30.179706166667174,61,No
1943,Sales,29,74135,4,40.43642041590999,57,No
1944,Sales,26,65044,4,32.37271962395881,75,No
1945,Sales,47,61060,3,44.37926344743911,83,No
1946,Sales,37,68911,5,41.67363462954143,87,No
1947,HR,57,67678,3,36.65904727694668,77,No
1948,Finance,49,54101,3,34.911201258813385,65,Yes
1949,Marketing,50,110626,3,33.04115416852932,75,No
1950,IT,33,82118,5,37.62021331665178,79,No
1951,Finance,58,73665,5,43.862818106182885,65,No
1952,Sales,51,71348,4,38.307557646468155,69,No
1953,Finance,44,88035,4,39.1396929688377,75,No
1954,Marketing,37,101133,6,34.473697334286534,77,No
1955,IT,35,80276,10,37.47462320079776,59,No
1956,IT,31,71817,8,38.87100334760528,68,No
1957,Marketing,28,92089,1,40.62055476039636,76,No
1958,Marketing,58,72135,7,39.12023860365244,80,Yes
1959,Sales,50,76529,4,42.24376187291401,76,No
1960,IT,24,85015,6,43.274757684311055,78,No
1961,Finance,36,64202,4,47.64231691764292,78,No
1962,HR,57,38862,7,41.099543217649654,65,No
1963,HR,40,63473,5,42.10412574581905,91,No
1964,Marketing,34,81595,2,37.386872159840706,70,No
1965,Sales,42,80538,1,47.69346060181756,65,No
1966,HR,58,90140,10,37.64800697977056,57,No
1967,IT,48,64047,3,43.01022050550643,68,No
1968,Marketing,50,93713,6,37.53555684922476,66,No
1969,Finance,41,72776,2,39.27777702744087,70,No
1970,Marketing,46,79066,4,40.099856058048026,78,No
1971,Finance,27,83554,8,30.232268872716922,89,Yes
1972,Marketing,57,49275,6,40.99196711760826,84,Yes
1973,Marketing,23,54926,3,39.59879964818421,50,No
1974,Marketing,43,54428,3,36.630688482380954,87,No
1975,Finance,53,86083,5,34.977006843145325,81,No
1976,Finance,37,65418,5,36.7965067302244,96,Yes
1977,Marketing,39,100413,5,34.686730136073336,67,No
1978,HR,26,70050,6,37.497897712353385,62,No
1979,Sales,57,47929,2,36.65263458320538,85,No
1980,Sales,51,59913,9,38.25796186768665,84,Yes
1981,Sales,40,71760,8,43.80754880254001,66,No
1982,Finance,44,77727,6,35.454442802442266,71,No
1983,Finance,55,55227,8,37.08261823276772,80,Yes
1984,HR,34,78527,2,40.58320861433591,79,No
1985,Sales,50,82533,5,35.098498530924864,74,No
1986,Sales,57,60385,8,43.81034718999971,76,No
1987,Marketing,43,99537,4,35.175579473732945,65,No
1988,Finance,57,62010,2,40.671996040867626,72,No
1989,Sales,30,55001,4,45.309952314677915,58,No
1990,HR,40,47061,2,35.081964813052636,74,No
1991,HR,59,88309,2,36.00170372706766,58,No
1992,Sales,27,70343,4,37.74552871750586,61,No
1993,Finance,36,62810,4,40.09587801852287,100,No
1994,HR,41,47887,4,39.34878197931036,52,No
1995,Marketing,30,64161,10,39.91431067117788,86,No
1996,HR,53,105721,6,42.53104518543745,78,No
1997,IT,25,37832,7,39.0637638331298,78,No
1998,IT,39,60525,1,32.672569078186,62,No
1999,Finance,26,96891,9,46.367441636300256,83,Yes
2000,Sales,41,88734,6,42.15686951378697,53,No
2001,Finance,44,61440,6,33.630943369437645,69,No
2002,Finance,32,73053,4,39.078445159636665,75,No
2003,Finance,58,76944,6,43.92681136370859,94,Yes
2004,Finance,43,72007,3,35.45768293974134,82,No
2005,Marketing,25,96766,9,44.6221345765188,69,No
2006,Marketing,50,75096,4,35.15805288245708,71,No
2007,HR,55,87032,7,42.14869760795246,81,Yes
2008,IT,34,72723,3,27.19209403006657,60,No
2009,Finance,30,39514,10,44.716133951316024,88,Yes
2010,HR,52,52113,3,30.566687582223878,73,No
2011,IT,28,55226,7,45.9558421297532,64,Yes
2012,Sales,25,66260,7,34.171285421339185,58,Yes
2013,Marketing,40,101176,4,49.41767928829487,45,No
2014,IT,51,75436,5,40.5145760260941,96,Yes
2015,Sales,52,68413,5,45.084049705091445,52,No
2016,IT,56,88578,8,39.06797805005109,80,No
2017,Marketing,42,48221,7,32.38980940127923,80,No
2018,Marketing,52,62654,7,35.324911566041614,69,No
2019,HR,40,60440,3,42.33015916700919,73,No
2020,Finance,52,75970,4,54.50180916312752,70,No
2021,IT,53,83437,3,47.211122889802816,77,No
2022,IT,23,77072,5,40.44070979308724,70,No
2023,Sales,31,77309,6,44.72345970053303,71,No
2024,Marketing,23,64583,6,41.08622057794991,74,No
2025,IT,23,74811,7,38.839824045948774,82,Yes
2026,Marketing,45,57402,1,40.28888519084713,82,No
2027,IT,38,80112,2,37.15689956021314,73,No
2028,HR,53,62490,6,40.35049042752547,71,No
2029,Finance,37,53177,4,41.79570275628128,81,No
2030,IT,37,70567,9,39.664431822912476,64,No
2031,Marketing,52,41303,5,37.60738561235135,61,No
2032,HR,45,92115,5,37.33613689726403,58,Yes
2033,IT,22,81956,2,38.60456403564423,77,No
2034,Sales,32,75054,5,40.53962963769267,88,Yes
2035,Finance,42,45644,6,37.54884175261766,75,No
2036,IT,25,59497,5,42.61174050480477,78,No
2037,HR,28,70608,5,31.815743014860978,68,No
2038,Sales,47,66053,5,41.027904143458,78,No
2039,HR,33,44671,9,44.847393734019384,76,No
2040,HR,52,50253,3,48.83051838972152,80,No
2041,Sales,38,65753,2,39.606315720663765,46,No
2042,HR,54,50750,3,43.23085930163428,80,No
2043,Sales,32,90570,3,41.02619683760828,82,No
2044,IT,49,77418,4,45.07373104742953,82,No
2045,Sales,53,57948,3,38.76965016044628,73,No
2046,Sales,22,87537,3,42.44951058143514,96,No
2047,Finance,49,84515,2,29.138544157250276,86,No
2048,Sales,28,74334,4,44.91475550864416,92,No
2049,Sales,23,69406,7,40.60071467346673,80,No
2050,IT,45,65522,1,36.48866851738534,75,No
2051,Finance,25,61900,6,41.342991724615864,82,No
2052,Marketing,40,49948,4,47.030619256552704,67,No
2053,IT,47,92924,5,35.173539638775885,84,Yes
2054,IT,32,62192,2,35.49057054624787,69,No
2055,Marketing,32,70423,10,31.818303766745736,67,No
2056,Sales,24,56346,4,35.497438782803385,59,No
2057,HR,33,66108,6,35.193632403573424,87,Yes
2058,Finance,24,112761,7,38.980035700329985,99,Yes
2059,HR,48,59110,3,40.206412133459466,91,No
2060,Marketing,23,91728,3,32.951667230965484,85,No
2061,IT,37,69582,9,41.55670369876832,86,Yes
2062,IT,23,80199,7,41.235875398114594,85,No
2063,Finance,51,88668,6,41.12348917354892,73,No
2064,IT,41,74084,10,35.60306928486124,70,No
2065,IT,59,64724,7,49.60035888535191,63,No
2066,Finance,49,67208,3,43.14679169013456,97,No
2067,Finance,46,67713,9,33.286253592214415,72,No
2068,Marketing,53,97965,2,32.016832233670314,76,No
2069,IT,31,47738,8,35.945928121373996,61,No
2070,IT,54,43439,3,40.43892950118825,65,No
2071,Marketing,34,44439,3,47.21613603778094,63,No
2072,Sales,58,56591,5,36.60673656757518,70,No
2073,Sales,37,80501,3,32.24569944028684,82,No
2074,Sales,43,81421,5,41.43443722273092,80,No
2075,Marketing,41,60887,6,37.64182086541062,82,Yes
2076,IT,48,69572,7,40.53806769571558,74,No
2077,Marketing,37,53255,7,39.172390971582516,83,Yes
2078,Marketing,55,54646,6,38.63918372644887,73,Yes
2079,Sales,53,78698,3,45.119920286000074,80,Yes
2080,HR,47,85715,7,42.93788931138718,70,No
2081,IT,46,62847,3,41.0663238617505,88,No
2082,Sales,23,94525,5,29.223288005009323,64,No
2083,HR,33,84484,5,38.727311683782546,88,Yes
2084,HR,30,93875,1,44.31297979048891,79,No
2085,Finance,33,65485,1,35.1221610066195,93,No
2086,IT,47,92810,4,38.8486780245634,67,Yes
2087,HR,30,102693,4,39.72044395577592,72,No
2088,Sales,31,63812,4,41.12270061564935,71,No
2089,Finance,53,67687,3,37.94100587541183,64,No
2090,IT,55,55784,9,42.07437967923248,98,No
2091,Marketing,41,52836,2,41.895991276834955,66,No
2092,Sales,23,53011,11,35.413023557724934,63,No
2093,HR,22,57828,4,36.04586649915068,92,No
2094,HR,57,74121,6,40.85029071285298,84,No
2095,Sales,45,58462,3,47.311314766580686,72,No
2096,HR,48,73662,4,44.99968237918288,52,No
2097,Finance,23,73972,3,37.156650360575675,95,No
2098,IT,52,62948,2,35.9729299334431,98,No
2099,Finance,35,69060,5,38.09424597029742,82,Yes
2100,HR,23,62081,2,47.66944504905098,81,No
2101,Marketing,50,65338,5,39.917403867747794,77,No
2102,IT,36,57867,7,40.906933808418955,69,No
2103,IT,33,71261,7,35.873394669579405,89,Yes
2104,Sales,58,60991,5,40.11517555226675,70,Yes
2105,Sales,49,52509,3,32.40152183284199,81,No
2106,Marketing,41,78901,7,33.06614876622165,77,No
2107,IT,45,79409,6,40.39640647243107,74,No
2108,Marketing,42,86675,5,41.15091338051866,64,No
2109,Sales,31,54634,5,37.90752428111889,60,No
2110,Sales,35,62786,6,41.58867992799485,80,No
2111,IT,58,73457,4,33.53670164872305,69,No
2112,Finance,39,62469,5,38.2592600863802,76,No
2113,HR,45,78563,3,36.80163289603795,77,No
2114,Sales,35,77468,4,39.561975118938705,78,No
2115,Sales,55,77189,5,38.47583181029222,73,No
2116,Finance,33,91895,3,51.32416374257632,82,No
2117,Finance,43,79661,6,35.233658648832986,74,No
2118,Marketing,27,72308,4,39.97567390407656,72,No
2119,Marketing,57,67096,4,53.936732818769,83,No
2120,HR,57,68142,3,43.05489775597704,75,No
2121,HR,43,54036,1,39.80282096352916,77,No
2122,IT,35,43514,8,44.07869103464995,86,Yes
2123,Marketing,37,76956,4,43.15199965587968,80,No
2124,Sales,57,88354,4,34.480576649064076,86,No
2125,Marketing,46,65048,7,32.25429625351215,56,No
2126,Sales,53,93806,4,40.48338096215482,100,No
2127,Finance,54,67352,4,37.60313214335287,83,No
2128,Marketing,57,40693,9,51.369224279370556,82,No
2129,Finance,41,83773,9,45.59576477258518,73,No
2130,HR,39,62810,9,45.593920704114886,57,No
2131,HR,59,85131,3,28.149654606159935,83,No
2132,IT,24,50837,6,37.0500303894127,88,Yes
2133,Marketing,44,76180,8,39.948213443357055,54,No
2134,Finance,53,57993,5,36.32429724459031,85,Yes
2135,Sales,37,73021,7,36.874575916208286,93,Yes
2136,HR,26,81499,9,38.714923879794014,93,Yes
2137,HR,25,78016,2,40.62258577402439,81,No
2138,Sales,42,71040,7,53.53100270299382,74,No
2139,Finance,35,49323,7,36.64018300755323,86,Yes
2140,Finance,52,80955,2,44.228269131109855,79,No
2141,Marketing,35,85471,5,47.31809380262,79,No
2142,Marketing,27,54355,10,35.02428993887936,68,No
2143,IT,33,56559,5,50.06207288042221,55,No
2144,HR,37,86103,7,41.17754891888177,85,No
2145,Marketing,38,66873,3,27.52370618489841,71,No
2146,Finance,44,56948,3,46.10898957009516,63,Yes
2147,Sales,35,74088,5,31.912204640689396,61,No
2148,Finance,28,60422,4,47.289490147439736,72,No
2149,HR,53,72415,5,44.86681190457544,60,No
2150,Finance,36,63801,6,34.79865013270442,87,Yes
2151,IT,38,65087,5,38.04963058091681,81,No
2152,HR,55,86655,4,43.422494134482506,88,No
2153,Sales,26,32972,4,37.22526609742461,62,No
2154,IT,48,78321,7,48.700523150824786,58,Yes
2155,HR,44,84181,3,44.573461111173074,96,No
2156,Sales,35,60670,4,32.52622349647011,65,No
2157,IT,36,84066,6,39.12290895573583,76,No
2158,IT,54,55614,3,42.59868072988871,65,No
2159,HR,52,60100,4,36.102008184430964,65,No
2160,Marketing,56,58372,2,45.45837954473414,82,No
2161,IT,38,84269,7,43.07253204794552,73,No
2162,IT,49,43825,7,43.59115460230677,90,Yes
2163,Sales,40,94602,5,38.424860045223305,53,No
2164,Finance,44,65425,3,34.90616022546113,74,No
2165,HR,53,79223,4,46.087861454086195,68,No
2166,HR,34,77930,7,48.80201369075135,72,Yes
2167,Marketing,41,72268,5,45.165838693372976,72,No
2168,Marketing,56,60989,4,44.45584566581285,82,No
2169,HR,26,88635,4,40.31222110504565,72,No
2170,Marketing,30,62277,6,36.45746783838458,72,No
2171,Sales,50,59031,1,43.7080783040422,95,No
2172,HR,27,83165,6,36.86504788871712,60,No
2173,Marketing,46,72186,10,45.0096494207251,61,No
2174,HR,52,90367,2,41.36029888536406,97,No
2175,Finance,43,69059,6,32.61601442170047,95,No
2176,IT,23,60236,4,40.279959299101165,53,No
2177,HR,26,74121,4,33.784399480632615,100,No
2178,IT,48,63285,6,33.04681138703041,81,Yes
2179,Marketing,46,60671,5,28.922313105567007,66,No
2180,IT,29,82478,2,33.257527008429676,75,No
2181,HR,22,97473,5,34.053488098361555,69,No
2182,Finance,41,66303,3,46.35746618535743,75,No
2183,Marketing,44,55378,2,42.86896981560754,70,No
2184,HR,53,67698,4,49.99590115801506,60,No
2185,Marketing,32,77722,4,39.02547179615953,59,Yes
2186,Sales,45,73862,2,33.525228073718644,77,No
2187,IT,32,87913,6,39.95577514856456,65,No
2188,Sales,50,79976,6,37.87619798674419,57,No
2189,HR,47,53448,4,42.11546320204037,81,No
2190,Finance,37,62600,6,32.880275141901905,81,Yes
2191,Marketing,56,49287,2,40.23844709742012,81,No
2192,IT,41,87170,3,46.73922259589121,75,No
2193,Marketing,24,40121,1,46.815852487030995,64,Yes
2194,HR,22,50750,4,45.949349186892626,89,Yes
2195,Marketing,22,62322,5,42.75584458693693,85,Yes
2196,IT,38,78458,4,44.700464304148866,100,No
2197,HR,23,62175,6,39.80656925288126,90,Yes
2198,Marketing,50,64521,4,42.10342477409002,78,No
2199,Finance,41,64817,5,39.35570533522521,96,Yes
2200,HR,27,72591,6,37.265663267514874,75,No
2201,HR,29,51692,3,41.28537997759732,75,No
2202,Finance,50,55792,4,48.50420529468491,74,No
2203,Sales,54,95213,8,41.3938835133017,68,No
2204,IT,24,76035,4,42.41568697676463,100,No
2205,Sales,56,81411,7,43.88673385859257,65,No
2206,Marketing,26,70870,4,41.61269084744407,55,No
2207,Finance,48,67895,5,38.89927406506441,69,Yes
2208,Sales,33,76856,2,43.90446118982075,79,No
2209,HR,41,80914,9,36.337102360814896,68,No
2210,Marketing,41,82691,1,45.883405054528026,70,Yes
2211,Marketing,30,68101,5,46.30062084411062,51,No
2212,Sales,25,84330,4,39.7634933896454,60,No
2213,Sales,40,33006,3,36.68970556272479,59,No
2214,Finance,59,83384,7,50.67159394751917,85,No
2215,IT,48,63596,4,36.4914957725469,58,No
2216,Sales,34,78300,3,38.526337059821515,67,No
2217,Sales,34,60260,6,29.953419472782755,72,No
2218,HR,43,50099,4,46.876376709609794,62,No
2219,Marketing,49,75095,3,32.82156445423401,78,No
2220,IT,43,47477,6,42.43827987996186,80,No
2221,HR,40,64004,6,41.520940167749366,92,Yes
2222,Finance,29,57813,3,39.60964471631094,75,No
2223,Finance,29,67374,6,37.28909490635381,49,No
2224,Sales,47,81958,6,42.203207755750846,68,No
2225,Sales,47,62652,2,48.71369098637832,71,No
2226,Finance,44,74718,8,38.73561606880794,90,No
2227,Sales,34,81090,3,31.722122546734365,72,No
2228,IT,49,60891,10,30.943361989798134,79,No
2229,Sales,30,61108,4,39.0587487171719,71,No
2230,Marketing,41,90539,4,37.718029588973074,81,No
2231,Sales,40,68809,3,39.14425102720445,67,No
2232,HR,33,77637,8,41.43011426195273,54,No
2233,IT,36,77523,7,37.58187282369665,43,No
2234,HR,52,52030,8,53.800706526183234,81,Yes
2235,HR,35,58586,3,41.91224533215551,78,No
2236,Marketing,32,75630,6,44.50975080016932,79,No
2237,IT,47,38990,6,39.21798154194179,76,No
2238,IT,48,66830,7,39.252055308879136,51,No
2239,IT,32,57020,3,37.03094463940079,67,No
2240,IT,59,86657,8,40.37633980566379,73,No
2241,IT,55,75191,8,32.38034374105686,66,No
2242,Marketing,40,87868,5,31.966865405044032,81,Yes
2243,Sales,27,69413,11,36.89928265972175,73,No
2244,HR,59,68291,2,35.26812598101668,82,No
2245,IT,49,65426,3,36.9015285414703,88,No
2246,Sales,22,62453,4,38.317197534533015,80,No
2247,Sales,56,110269,4,38.55481421675562,77,No
2248,HR,29,82107,8,44.06309545137902,59,No
2249,Marketing,28,54007,4,43.86490566344259,75,No
2250,Finance,32,109589,9,39.85682911224452,55,No
2251,Finance,25,63925,8,49.92598434773794,60,No
2252,Sales,46,74817,4,37.6670961315502,78,No
2253,HR,33,84093,7,44.161747170919796,59,Yes
2254,Finance,47,46930,2,42.528287769002816,100,No
2255,Sales,59,57590,6,38.91347876291598,85,No
2256,Marketing,33,94722,7,39.350215767690514,75,No
2257,Finance,58,66627,5,37.79431391318311,41,No
2258,Sales,45,84980,8,43.793215170674934,52,No
2259,Sales,37,63197,5,46.24397880938115,100,Yes
2260,IT,34,68574,6,40.182890459577706,68,No
2261,Marketing,46,96778,3,30.663055588004802,89,No
2262,IT,25,76562,5,42.7309515417204,68,No
2263,HR,32,64827,5,39.10459112173909,63,Yes
2264,IT,53,59749,3,34.724620781259034,62,Yes
2265,IT,28,61121,7,40.37644041624749,56,Yes
2266,Finance,32,88623,5,38.260520743290506,81,Yes
2267,Sales,49,81482,6,34.517733218577746,79,No
2268,Marketing,44,52769,3,38.893757588953264,68,No
2269,IT,44,71307,5,47.055119187107955,50,No
2270,Marketing,49,68997,4,40.7088745540083,72,No
2271,IT,47,74741,2,40.12870389726938,81,No
2272,HR,46,60946,5,42.23362580314385,100,Yes
2273,IT,50,86467,6,41.17723899639972,87,Yes
2274,Finance,40,69979,3,38.59640047463582,77,No
2275,Sales,54,75601,6,40.97524759334337,64,Yes
2276,HR,57,58229,6,40.42060450135866,89,Yes
2277,IT,35,58985,4,29.262222106779948,76,No
2278,Marketing,35,109862,5,42.64604414790062,76,No
2279,HR,56,97001,3,40.22485663279264,89,No
2280,HR,51,68954,3,42.707082952155396,72,No
2281,IT,49,92995,4,39.90460358332844,85,No
2282,HR,38,88191,3,38.24614006089119,60,No
2283,Marketing,24,60621,5,35.23160264572766,66,No
2284,HR,37,59126,7,40.80587750166173,80,No
2285,Marketing,51,80030,5,40.7856222230756,74,No
2286,IT,50,73900,6,46.74882778848595,71,No
2287,Sales,36,63969,1,37.58509821075857,60,No
2288,HR,46,80818,2,45.38255034418732,86,No
2289,Sales,59,48362,7,43.97331310408084,55,No
2290,Marketing,59,71725,10,36.153457707644634,85,Yes
2291,HR,44,51416,4,33.083718414850686,75,Yes
2292,Finance,46,51910,6,45.07337558777245,75,No
2293,Sales,28,59398,6,42.29619095634097,74,Yes
2294,HR,43,75449,6,44.10312045850881,64,No
2295,Sales,38,59871,8,40.74371328838546,74,No
2296,HR,39,51728,4,34.88747061332353,79,No
2297,IT,31,77158,9,40.90073203960068,79,Yes
2298,Sales,31,92391,3,43.25689150851761,73,No
2299,Finance,28,79582,7,28.86919293361546,73,No
2300,Finance,59,97026,6,42.39869275034352,73,Yes
2301,Marketing,48,91137,6,44.14268250625915,71,No
2302,HR,54,62688,4,44.65888572960729,53,No
2303,Sales,22,79482,5,42.28563192040944,68,No
2304,Marketing,55,68625,3,37.895561165290474,62,No
2305,Sales,25,85931,6,39.674529869449316,73,No
2306,HR,38,68622,4,32.61282973109011,63,No
2307,Finance,25,58169,3,45.252882770943174,79,No
2308,IT,47,90601,1,43.958419478119716,89,No
2309,Finance,25,74766,2,38.32887570173017,71,No
2310,Marketing,22,60047,4,42.983040800408915,78,No
2311,IT,28,62519,5,43.10478275063325,69,No
2312,Marketing,51,59951,8,34.51314807861493,73,No
2313,HR,30,54973,8,50.17706142743201,91,Yes
2314,IT,56,62837,2,35.80313658200461,56,Yes
2315,Marketing,29,75595,2,29.3991642165794,66,No
2316,HR,45,70960,3,42.011451898433805,76,No
2317,Finance,40,63426,5,41.68479233338889,72,No
2318,HR,57,92432,6,38.02542415943586,70,No
2319,Sales,48,39840,6,41.05009038537978,60,No
2320,HR,53,74592,4,36.07695412727467,80,Yes
2321,HR,35,67858,5,31.464483222522496,73,No
2322,Sales,39,55447,4,44.876563824511805,82,No
2323,Marketing,49,75466,5,41.526434073662365,87,No
2324,Marketing,50,66703,8,38.14267075058957,74,No
2325,HR,37,88706,5,48.72616077950552,90,No
2326,Sales,56,83020,9,38.52510570864245,87,No
2327,Sales,52,98591,4,42.9626387544291,69,No
2328,Finance,25,62750,8,35.102306133482514,92,Yes
2329,Marketing,58,90948,2,28.9673413950526,82,No
2330,IT,38,52512,3,43.07242401459642,90,No
2331,Marketing,47,68340,2,42.92215142504367,53,No
2332,Marketing,25,63021,2,49.57298508886879,83,No
2333,Finance,51,79036,4,34.37712891422292,78,No
2334,IT,51,78674,4,31.612858474400824,65,No
2335,Finance,43,56490,7,36.92992023786242,57,Yes
2336,IT,32,79872,4,42.769662002087124,73,No
2337,HR,23,64292,7,29.052058022462255,75,No
2338,IT,33,57748,7,40.39858097908475,67,No
2339,Finance,51,69823,8,37.68868534117938,65,No
2340,Marketing,57,47847,5,38.00384171749932,68,No
2341,IT,39,83969,5,35.61400094890389,66,No
2342,IT,47,69165,2,45.551099559290655,86,No
2343,Sales,28,69493,3,32.02782896876821,65,No
2344,Marketing,22,68692,2,44.74155194200771,55,No
2345,HR,47,94702,4,42.41913604847461,84,No
2346,Finance,44,92783,5,37.60900576514295,85,Yes
2347,HR,47,90261,5,47.70547865067008,73,No
2348,Marketing,27,68724,3,30.560399254483592,61,No
2349,IT,27,53265,5,44.99462491296086,51,No
2350,IT,29,69760,8,34.496339362836196,75,No
2351,Marketing,45,74716,6,37.71017422087062,81,Yes
2352,IT,43,82189,6,41.55776114993683,65,No
2353,IT,40,74667,3,45.23186529384653,84,Yes
2354,IT,58,54602,5,35.220997296784866,57,No
2355,Finance,39,61968,4,42.85241083663199,75,No
2356,Finance,52,60607,4,37.805867838605415,50,No
2357,Sales,58,78085,1,35.72868964583314,63,No
2358,HR,51,78453,8,31.777197592144944,53,No
2359,Marketing,54,80419,5,38.10142186353241,81,Yes
2360,Marketing,31,74515,7,33.59958736890633,79,No
2361,Marketing,58,39112,7,33.888209404150615,100,No
2362,Sales,33,44112,2,37.565111429642826,77,No
2363,Finance,51,67897,5,38.81127380461443,69,No
2364,Sales,48,71471,6,37.25750165303555,62,No
2365,Marketing,30,88804,6,40.346830627492885,86,Yes
2366,HR,42,71166,0,48.42547747391481,100,No
2367,IT,33,55360,5,36.64637295217624,87,Yes
2368,Finance,50,79932,7,35.53234240473069,77,No
2369,Finance,54,69741,5,35.320146094317636,75,No
2370,Sales,36,63969,4,26.06637587201252,55,No
2371,Finance,23,45781,6,36.82626656237944,85,Yes
2372,Marketing,39,71277,3,48.90693715633963,66,Yes
2373,Marketing,24,73432,2,40.34978487874085,60,No
2374,Sales,28,55057,3,37.978368059604534,72,No
2375,Marketing,39,81165,3,42.62814500564923,65,Yes
2376,HR,59,79821,9,37.850901476047476,63,No
2377,Sales,58,70733,6,46.19230933504862,69,No
2378,HR,54,70175,4,39.374990144742895,52,No
2379,IT,52,84190,4,46.99370631979602,71,Yes
2380,HR,32,75512,6,41.31306173879084,77,Yes
2381,IT,25,59466,5,42.64731710641752,63,No
2382,IT,39,67035,4,39.23833605672458,91,No
2383,HR,25,78352,6,44.845990139747045,68,No
2384,Sales,55,39515,4,48.48303385359612,62,No
2385,Marketing,50,56027,8,42.68396481599909,84,Yes
2386,Marketing,45,80232,4,39.09358648748681,75,No
2387,IT,43,88133,0,44.874085962594535,91,No
2388,IT,23,85315,3,37.645156279352946,94,No
2389,Sales,27,83399,6,47.08479130976888,58,No
2390,Finance,46,71946,6,37.46258639590314,100,Yes
2391,HR,42,54566,5,39.636894742305124,46,No
2392,IT,37,67050,7,44.348429775575624,59,No
2393,Marketing,52,40100,4,29.780803297758563,58,No
2394,Sales,35,89509,5,41.5742393573627,91,No
2395,HR,49,57743,4,40.79625791655035,81,No
2396,Sales,53,61999,6,37.67461758879018,78,No
2397,HR,49,85879,11,38.378736745362175,46,No
2398,HR,30,45780,5,35.77459865766223,74,No
2399,IT,43,52158,4,35.191115661222675,100,No
2400,Sales,53,74019,3,37.92614813522467,81,No
2401,Sales,26,77805,6,35.02067674548292,71,No
2402,Marketing,44,68924,2,42.551022881692255,87,No
2403,Marketing,26,69413,5,36.403716467914045,76,No
2404,IT,53,89025,3,43.99239279675149,69,No
2405,IT,31,79544,5,35.267730246545135,66,No
2406,Finance,36,77517,8,33.55857132627244,81,No
2407,Marketing,28,81634,4,38.904382628315076,71,No
2408,HR,50,65491,7,34.21240807249122,77,No
2409,Sales,24,102597,8,39.31499598333297,47,No
2410,IT,40,35387,11,36.05565954558227,73,No
2411,Sales,31,91868,4,33.69435183293716,62,No
2412,Sales,49,83531,3,33.758552200051625,87,No
2413,Finance,50,73724,9,45.868749314704495,62,No
2414,Marketing,36,71200,6,43.505117946705056,65,No
2415,IT,56,67666,4,33.44829361568475,58,No
2416,Sales,27,86551,6,36.03565695186177,84,Yes
2417,IT,33,69402,6,47.431135353799874,81,Yes
2418,HR,59,59081,2,39.854058632263026,61,No
2419,Finance,34,83529,10,38.28386487930315,63,No
2420,HR,50,93771,5,40.53702909752787,84,No
2421,IT,40,41092,5,41.317999302924896,99,Yes
2422,IT,24,105356,3,39.94612065975341,80,Yes
2423,Marketing,29,54449,5,35.98685907777309,88,No
2424,Sales,29,55595,6,30.057555211636604,71,Yes
2425,Sales,41,51326,7,39.899727875020375,62,No
2426,HR,25,70012,4,30.75301151574495,72,No
2427,Finance,42,50804,1,37.555490437353654,88,No
2428,Sales,24,52626,6,36.72361359986165,68,Yes
2429,Marketing,29,59671,10,36.375033330494276,70,No
2430,HR,44,72076,4,42.12194923290776,100,No
2431,HR,37,73522,4,38.93345309742455,96,No
2432,Marketing,34,88617,9,42.36671150781046,76,No
2433,Finance,24,88272,6,31.01591897971266,89,No
2434,Marketing,30,85369,5,43.78309542892031,60,No
2435,Finance,35,66075,11,44.59979346420086,82,No
2436,Marketing,34,42382,5,39.74974353231303,76,No
2437,Marketing,28,42050,6,49.679171806320575,80,Yes
2438,IT,36,85265,6,43.375909350041276,58,No
2439,HR,28,82656,2,39.82938152556441,56,No
2440,Marketing,59,60749,7,47.15981309284818,68,No
2441,Marketing,55,48388,3,40.42067787448862,58,No
2442,Sales,43,54292,1,35.38271165327405,63,No
2443,HR,45,72620,5,44.05564804041141,100,Yes
2444,Sales,58,72648,4,47.56700775426228,89,No
2445,HR,22,85637,7,32.328879011689835,79,No
2446,Sales,31,63244,4,37.68363385451871,80,No
2447,Marketing,37,66339,4,37.45341263655854,80,Yes
2448,Marketing,29,86879,4,33.622889753243555,72,No
2449,IT,46,38123,2,38.58924349939742,78,No
2450,Sales,33,74761,6,36.08775111338962,86,Yes
2451,Finance,46,64986,4,42.104819712447494,72,No
2452,IT,38,80691,7,42.4698327520793,92,Yes
2453,Sales,47,77689,4,40.69431644057925,72,No
2454,Sales,35,59555,5,41.05513526216454,63,No
2455,IT,57,62389,6,47.52361775417667,78,No
2456,Marketing,44,35470,6,50.0752483163913,72,No
2457,Sales,27,81249,6,43.043502622974216,71,No
2458,Marketing,26,73596,6,37.46922218954569,85,No
2459,IT,46,90977,4,41.397747339247076,70,No
2460,Marketing,39,64008,4,40.15434549840945,63,No
2461,HR,34,83715,9,43.41284853138132,70,No
2462,Finance,35,53951,4,35.57518575206457,66,No
2463,Sales,49,29428,9,43.72724785398999,65,No
2464,Finance,39,68582,4,40.41029950980804,86,No
2465,Marketing,49,61499,5,39.576739554297866,62,No
2466,Sales,48,54237,4,39.77518370424853,76,No
2467,Marketing,53,83471,6,46.73892365411205,71,Yes
2468,HR,30,88123,5,53.677271368354795,73,No
2469,IT,53,71581,3,40.59093404488798,50,No
2470,Sales,41,67262,7,36.34246532885525,82,Yes
2471,HR,49,70940,7,39.94178321729135,71,No
2472,HR,54,60206,4,41.54461059501866,86,No
2473,Sales,25,78438,6,40.807817994568474,79,No
2474,Marketing,55,46909,2,40.84849369327966,75,No
2475,HR,24,53903,3,39.11538539670604,75,No
2476,Finance,47,58131,7,46.74054381337964,100,Yes
2477,HR,29,78120,6,38.6510010955063,65,No
2478,Marketing,27,65462,5,44.024057401325074,78,No
2479,Marketing,37,90405,4,32.448539286136764,77,No
2480,Finance,45,82049,3,37.16812402135753,55,No
2481,HR,51,57983,7,41.4650907212381,74,No
2482,Marketing,34,79501,4,39.84365870116935,56,No
2483,Sales,26,63876,7,46.08435661592836,74,No
2484,IT,46,77097,6,41.345893496963484,55,No
2485,IT,41,82776,4,46.622967104642306,79,No
2486,IT,39,86720,7,42.4343940565948,59,No
2487,HR,39,73030,3,35.91708003326976,74,No
2488,Finance,23,94001,6,39.037726910188496,55,No
2489,Marketing,31,76619,4,39.350383163726406,80,No
2490,Sales,33,72025,5,46.387253507648616,74,No
2491,Sales,34,65462,4,38.76289617709176,72,Yes
2492,HR,32,60530,3,39.317516212012144,76,No
2493,IT,40,76298,5,38.004083380792764,81,Yes
2494,HR,56,71511,5,40.61125726855299,64,No
2495,Finance,47,73912,5,43.26126618305044,74,No
2496,Finance,35,77211,4,43.50628826468494,69,No
2497,Marketing,45,73849,3,38.43364730106617,90,No
2498,Marketing,22,100199,4,29.992508946515542,70,No
2499,Finance,43,62080,8,41.37900791371104,65,No
2500,Finance,44,76484,7,40.50826192647663,56,No
2501,Finance,40,66584,3,40.76359184992279,71,No
2502,HR,39,33077,4,40.030980040541785,66,No
2503,Finance,33,67097,3,41.526644084421854,79,No
2504,Sales,49,55952,6,29.921419637914102,77,No
2505,IT,49,68997,4,40.72970034816411,81,No
2506,Finance,54,69603,6,35.03034057655336,59,No
2507,IT,40,75780,2,45.92348691709218,42,No
2508,HR,49,62047,5,40.61666523377568,74,No
2509,IT,58,63923,7,36.37898127655891,84,Yes
2510,HR,47,80510,5,34.089557239556754,70,No
2511,Sales,56,57864,3,35.719017768094005,96,No
2512,HR,55,42423,5,36.7877998918277,73,No
2513,HR,56,72355,6,40.200310095983006,66,No
2514,Marketing,37,86062,3,34.03259419481702,79,No
2515,Finance,59,80337,1,41.20977780675196,91,No
2516,Finance,34,72632,5,45.01449820783111,74,No
2517,Sales,44,88759,3,45.51719084891988,84,Yes
2518,Sales,43,86230,4,38.07925851087761,69,Yes
2519,Finance,37,65036,4,39.86011139595411,70,No
2520,Marketing,49,73712,7,36.69130308543023,88,Yes
2521,Finance,56,74356,4,33.96774521999121,53,No
2522,Marketing,29,68698,1,37.30823642400449,62,No
2523,Sales,43,87013,4,30.97400844934768,81,No
2524,IT,42,67717,3,30.122717182888042,70,No
2525,Sales,47,62495,6,41.512501797952915,78,Yes
2526,Sales,42,31126,2,41.264958379107085,81,No
2527,HR,46,58025,6,46.098563760747155,59,No
2528,HR,22,50268,8,47.17584070680144,59,No
2529,HR,27,69394,6,40.91038312517455,88,Yes
2530,HR,44,51194,10,35.28468196861962,70,No
2531,Marketing,44,79130,6,35.26762428300724,66,No
2532,Finance,44,86626,5,34.79913130489098,79,No
2533,IT,53,69532,5,41.259194222339836,86,Yes
2534,Sales,51,55239,2,36.24446637587851,84,No
2535,Marketing,34,74296,3,32.97496125827563,80,Yes
2536,IT,39,98402,2,42.10475360880856,88,No
2537,Marketing,44,93737,5,44.300957992326666,81,Yes
2538,Marketing,36,48908,1,36.26679923178998,68,No
2539,Sales,54,48352,5,39.827475276620724,78,No
2540,Finance,42,44506,4,47.30812371116563,84,No
2541,HR,44,52945,3,44.6665106430746,65,No
2542,Finance,48,73773,5,35.387073680415526,68,No
2543,Sales,39,61649,1,47.770423783887665,77,No
2544,Sales,45,57419,10,43.5917636220416,83,Yes
2545,Sales,28,85586,1,48.12564542690717,74,No
2546,IT,41,77951,13,39.098702044882444,78,No
2547,Finance,48,44429,4,35.72792382786212,45,No
2548,Finance,27,84725,3,39.80287976682617,94,No
2549,Marketing,48,77590,8,32.94562809838678,84,Yes
2550,Marketing,30,77923,5,44.140019403481936,83,Yes
2551,Marketing,52,61442,5,37.23559974443511,82,Yes
2552,Sales,42,67190,1,41.95170122564214,83,No
2553,Finance,47,40409,1,50.81605193211271,91,No
2554,Sales,34,83004,7,37.56132591809293,88,Yes
2555,IT,44,55016,5,39.9983765196118,80,No
2556,Marketing,41,56940,6,37.664324898582215,84,Yes
2557,Sales,58,56737,6,39.27246241653324,78,No
2558,Sales,49,97006,7,38.82764936315742,65,No
2559,IT,38,59969,3,44.998593290442095,68,No
2560,HR,49,84133,6,44.44472631068093,69,No
2561,Finance,23,69640,6,38.8635250767048,72,No
2562,HR,46,57563,1,40.60039776500152,72,No
2563,Marketing,27,54843,6,38.32705403855836,61,No
2564,Sales,32,60567,2,47.07653030801261,77,No
2565,IT,59,68883,7,27.23466283456173,83,No
2566,IT,27,79026,3,36.075415373415055,69,No
2567,Finance,32,62935,6,42.12850068589541,71,No
2568,HR,35,62373,5,44.22248617541623,84,Yes
2569,Finance,23,56782,8,46.34514083369659,77,No
2570,Sales,24,52089,3,40.000490504131314,85,No
2571,Finance,56,50834,2,37.04995067824614,83,No
2572,IT,54,84820,5,39.863889423250875,65,No
2573,IT,45,62067,9,44.842350154645835,77,Yes
2574,Marketing,40,63395,3,36.92707104427051,82,No
2575,Marketing,39,60000,5,39.69416858308874,66,No
2576,Sales,45,65247,3,38.50135423466475,60,No
2577,HR,56,75566,3,46.23487657508779,74,No
2578,Finance,22,62696,4,34.190903174062726,49,No
2579,Sales,57,72711,6,27.378663619529995,35,No
2580,Marketing,46,91273,2,39.38332089993805,82,No
2581,Finance,55,57705,4,43.101257140965174,65,No
2582,Marketing,46,63407,3,37.446673720982965,71,Yes
2583,Finance,37,79615,1,30.820453609599674,77,No
2584,HR,55,92459,3,43.24714529709221,74,No
2585,Sales,50,51365,4,37.77707864182101,65,No
2586,Finance,40,44487,4,41.12668738586355,98,Yes
2587,IT,44,69990,4,38.52735914928796,74,No
2588,IT,40,68441,9,28.947051152098755,100,Yes
2589,Finance,46,80502,11,41.62307631743504,63,No
2590,Finance,37,78213,4,42.84527710425041,70,No
2591,Finance,30,69490,4,39.025664710521674,75,No
2592,IT,22,85738,2,34.36265522493108,75,No
2593,IT,40,59784,5,49.19545222358931,86,Yes
2594,Finance,54,73173,6,41.95222060808449,47,No
2595,Marketing,55,51764,3,33.16764369405275,93,No
2596,Marketing,37,69368,4,51.50028824841427,52,No
2597,HR,39,48083,2,36.94150852706329,65,No
2598,Sales,55,53262,6,46.66032005036115,75,No
2599,Marketing,46,95641,8,43.27544919288406,79,No
2600,IT,27,42631,6,41.77533405493962,72,No
2601,Marketing,42,66750,6,46.95188904984031,69,No
2602,HR,27,82408,6,30.884620795608,75,No
2603,HR,53,103320,5,42.86441875710605,70,No
2604,Sales,52,72656,2,38.31134739957592,88,No
2605,Marketing,31,73513,2,52.034233655199714,83,No
2606,IT,51,70595,1,30.352611640666154,80,No
2607,IT,39,85858,5,41.56091324876458,87,Yes
2608,Finance,45,76475,3,41.91422578630505,79,Yes
2609,IT,30,61373,6,37.00257476163411,72,No
2610,Sales,52,86732,3,38.70492684246854,55,No
2611,Sales,36,63067,3,37.68615872354741,97,No
2612,IT,25,46022,6,35.14081698627295,88,Yes
2613,IT,30,46070,8,35.343825734324994,60,No
2614,Finance,30,66983,4,39.19747096875518,83,No
2615,IT,47,71545,5,43.37619214360199,80,Yes
2616,Finance,25,84334,4,36.72213885780934,63,No
2617,Finance,38,79612,6,28.308039742790818,91,Yes
2618,IT,37,71197,3,39.528771578498066,76,No
2619,HR,36,85172,5,41.41867875427163,61,Yes
2620,HR,56,70191,3,38.78162586414672,60,No
2621,Finance,26,50642,7,40.21325463351898,79,No
2622,IT,26,47373,4,44.609092908223204,63,No
2623,HR,41,89180,6,39.65876610075426,66,No
2624,IT,36,36321,6,44.08261797272963,80,No
2625,IT,39,66988,3,41.551471578120264,67,No
2626,IT,23,114726,4,35.29937625406204,69,No
2627,Marketing,50,76888,11,45.580643491955826,65,No
2628,IT,34,66871,7,33.260933423223506,83,Yes
2629,Marketing,25,44733,3,29.54506640836635,89,No
2630,Finance,31,94260,2,40.49937795448838,54,No
2631,HR,52,88207,4,42.99582170433913,63,No
2632,HR,29,80271,11,42.6519817630678,48,Yes
2633,HR,24,69991,7,33.96201032676897,76,No
2634,HR,30,78580,4,40.729879538350254,77,No
2635,HR,51,67770,4,31.69416426285492,63,No
2636,HR,32,55401,6,41.74601874248027,69,No
2637,HR,56,84345,8,40.444087962185776,80,No
2638,Finance,58,69240,4,42.71695940336133,93,No
2639,IT,34,77829,7,43.944767858899034,66,No
2640,Sales,57,68183,9,42.66377758167093,76,No
2641,Marketing,34,76927,5,33.34359272163673,81,Yes
2642,Sales,33,69782,6,37.452511458601485,96,Yes
2643,Sales,58,68611,2,34.30455813997277,79,No
2644,IT,31,70449,4,27.29669592687076,97,No
2645,IT,30,114413,4,43.719103406710076,57,No
2646,IT,28,82036,8,43.18357576319311,79,No
2647,HR,23,108790,7,35.37051919920132,71,No
2648,Finance,44,69878,9,36.07585815635122,74,No
2649,HR,42,65364,8,39.83516004983457,60,No
2650,Finance,44,53887,5,37.25008015671447,89,Yes
2651,Finance,50,94048,5,45.50366106729797,81,Yes
2652,Sales,35,56422,8,38.07321057108834,77,Yes
2653,Sales,47,97143,9,35.782502663454004,54,No
2654,Finance,26,54757,6,42.15629917073714,85,Yes
2655,Finance,52,83299,8,35.453495875699915,67,No
2656,HR,46,46134,4,43.53340096323418,65,No
2657,HR,52,63370,3,39.70685384939647,56,No
2658,Sales,41,70331,4,44.554203937887415,71,Yes
2659,IT,38,61037,6,44.989707691547935,68,No
2660,Finance,23,67460,8,33.47920783418192,91,Yes
2661,HR,46,67531,5,40.32751886673277,62,No
2662,Sales,34,82104,6,39.76836449407007,66,No
2663,HR,49,38698,7,39.4258593079633,67,Yes
2664,Finance,27,61556,5,45.79797802686123,65,No
2665,Finance,24,88819,10,39.92170172476762,59,Yes
2666,Marketing,56,78437,2,33.07155421820521,82,No
2667,IT,39,89069,6,37.70368338160176,72,No
2668,Marketing,32,81381,4,36.499301162661304,68,No
2669,Sales,41,53747,8,37.93858567421544,67,No
2670,HR,26,79913,2,39.9256657934281,76,No
2671,Sales,40,71502,4,36.509486373745574,67,No
2672,Finance,43,104020,4,43.06022400529478,74,No
2673,Marketing,40,82032,7,47.59844221626119,80,No
2674,Marketing,37,77850,8,40.882522871311714,79,No
2675,Marketing,45,80041,5,43.939530176230825,92,No
2676,Sales,25,77032,5,35.026042720631835,86,Yes
2677,Finance,36,76627,4,44.276996364417535,78,No
2678,HR,46,66005,8,46.85305978185329,79,No
2679,HR,56,78032,5,46.12149300645519,98,Yes
2680,Sales,35,84227,4,37.08495766298146,65,No
2681,Marketing,40,85904,6,46.193404839337106,80,Yes
2682,IT,59,84086,2,48.80028508287275,64,No
2683,Sales,57,92620,6,37.19551013444333,85,Yes
2684,Sales,28,86843,7,43.50516010960844,82,Yes
2685,Finance,51,79427,4,37.1217748013459,72,No
2686,HR,40,52845,7,33.21938524020646,90,No
2687,Sales,46,52850,3,38.92977842036443,75,No
2688,Sales,37,66277,7,37.19050520466307,79,No
2689,Marketing,29,70701,2,39.31901118007008,55,No
2690,Marketing,39,90970,3,27.08417069426157,100,No
2691,IT,49,28304,5,41.921065595173104,62,No
2692,Finance,37,54501,4,38.83847844870315,60,No
2693,IT,40,67086,5,43.752881092702594,82,Yes
2694,Marketing,38,55047,6,37.70566478137294,77,No
2695,HR,34,58028,4,48.66447942711625,56,No
2696,Marketing,28,62512,7,37.81368854320134,64,No
2697,Finance,48,55812,5,40.56325910778401,70,No
2698,Marketing,31,58413,7,35.090133915176445,66,Yes
2699,Finance,55,90448,7,40.48483280220183,77,Yes
2700,Finance,57,79214,3,41.34389103589656,86,Yes
2701,Finance,46,81459,4,37.168989537419996,100,No
2702,Finance,27,69488,7,43.79501946729917,56,No
2703,Finance,45,85166,6,37.19015112847576,74,No
2704,HR,39,82716,5,45.670241854541274,76,No
2705,IT,44,78978,3,33.14978650564252,75,No
2706,Sales,27,60187,6,39.672421956175555,77,Yes
2707,IT,50,63369,6,53.13958696779084,75,No
2708,Finance,46,85871,6,28.032151962575053,88,Yes
2709,HR,38,62248,5,44.76988329865852,79,No
2710,Marketing,45,50672,3,41.582834709581135,56,No
2711,HR,32,61959,4,38.46511275633497,59,No
2712,Finance,47,93391,6,45.49731432964608,85,Yes
2713,HR,55,61974,8,42.137921890029126,80,No
2714,HR,49,74914,1,38.523082538334776,71,Yes
2715,Finance,24,60764,3,36.317972426508845,80,No
2716,HR,32,81451,4,37.88479727920104,82,No
2717,Sales,59,78051,8,38.76839337492034,87,Yes
2718,Sales,35,47632,7,39.12119088990829,72,No
2719,HR,47,74020,5,36.024169732624266,84,No
2720,Marketing,42,44761,9,40.74823778109127,73,No
2721,Finance,51,61688,3,36.74228702910589,57,No
2722,Sales,29,69828,9,40.68028217945965,79,No
2723,Marketing,41,97702,7,49.559552769094864,90,Yes
2724,HR,53,74768,5,44.27028501390173,84,Yes
2725,Marketing,43,58493,8,39.806138227091544,89,Yes
2726,IT,28,65241,4,34.09355316707323,77,No
2727,Sales,30,83862,6,40.709123592896425,64,No
2728,HR,22,58697,4,48.931030000454086,77,No
2729,Finance,50,86454,5,34.959675295550824,70,No
2730,HR,29,62154,4,29.027351712017794,78,No
2731,Finance,25,56270,4,41.577305435093805,75,No
2732,HR,56,62634,2,47.68667533825748,87,Yes
2733,Marketing,24,45755,6,46.073289252227795,58,No
2734,Marketing,28,37411,8,48.27695089384801,46,No
2735,Marketing,48,68761,5,33.560768556054654,75,No
2736,IT,22,68990,9,38.0074103581963,70,No
2737,Finance,48,73846,5,41.84467486777736,68,No
2738,Marketing,37,68687,2,28.453175632468458,66,No
2739,IT,59,104938,4,39.86167446534542,74,No
2740,Finance,28,72526,5,37.34071477982858,79,No
2741,HR,44,49353,1,38.76733679503153,81,No
2742,IT,32,53201,5,41.336120050059996,40,No
2743,Sales,54,70004,4,38.314570818330736,73,No
2744,IT,57,63468,6,34.549978154528674,53,No
2745,IT,58,51572,4,43.52755109909444,85,Yes
2746,Finance,38,69117,3,34.496657437788556,82,No
2747,HR,56,69336,5,39.43653211963973,62,No
2748,Sales,26,93935,4,35.84070641637015,76,No
2749,Marketing,53,56258,10,43.41827838033104,50,No
2750,Marketing,24,63734,3,32.13018055811712,80,No
2751,IT,56,93889,4,39.5068511231448,80,No
2752,Finance,35,74928,4,41.537231534679364,84,No
2753,Finance,52,56170,4,41.38812814892112,82,No
2754,Marketing,52,59279,7,45.371311871245034,68,No
2755,Sales,38,51787,4,44.13599094402178,62,No
2756,HR,45,71159,5,42.264589668329315,66,No
2757,Sales,44,85467,5,30.041050505731064,73,No
2758,HR,39,94463,4,42.87826084390541,59,No
2759,Marketing,35,47705,9,46.045544731580556,70,No
2760,HR,36,83036,7,36.11571286356582,70,Yes
2761,Finance,36,72464,3,45.8084611273236,88,No
2762,IT,27,66071,6,44.52213028270616,80,No
2763,IT,48,63739,10,36.47936568903263,66,No
2764,Marketing,36,41186,10,37.36324279873932,78,No
2765,Finance,57,79569,2,35.190106361743005,80,No
2766,Sales,29,50217,7,45.29538107812945,54,No
2767,Finance,36,58777,4,36.57786049305619,99,No
2768,IT,24,76269,7,36.67172212174562,72,No
2769,IT,34,42750,2,38.82776244263072,64,Yes
2770,Finance,55,50188,5,34.36822675955241,75,No
2771,Finance,45,88279,4,42.44479256198773,63,Yes
2772,IT,53,71830,3,38.516165588290114,53,No
2773,Sales,53,60066,5,45.4888994738351,81,Yes
2774,Marketing,51,71889,3,44.25719572061259,75,No
2775,Marketing,34,80042,5,48.15335262791024,78,No
2776,Finance,22,86871,5,32.15745507828006,54,No
2777,Marketing,55,53313,4,33.61394456502923,80,No
2778,IT,36,54627,6,40.01532123693079,72,No
2779,IT,35,79125,4,40.58689692114605,59,No
2780,Finance,50,79606,4,38.55402403721742,64,No
2781,Finance,55,49840,5,48.204324954395226,93,No
2782,Finance,39,55190,5,37.996275399189244,69,Yes
2783,Sales,28,67093,5,42.33782227408988,93,Yes
2784,Marketing,50,70353,4,41.683046263293704,63,No
2785,Finance,52,70778,2,36.97185851346505,68,No
2786,HR,46,49610,5,42.32516144088556,70,No
2787,HR,59,70627,4,39.98108352098818,84,No
2788,IT,35,59239,7,46.193020710632084,77,Yes
2789,Marketing,29,52505,9,45.81629571853874,77,No
2790,Finance,48,69835,4,27.396381293865975,87,No
2791,HR,23,68305,8,32.31003009127655,82,Yes
2792,Marketing,38,82025,5,39.273521026428675,58,No
2793,IT,58,57085,7,44.3156438682238,86,Yes
2794,Sales,35,73527,2,40.615747487609546,62,No
2795,Marketing,46,46469,3,42.07293604253309,86,No
2796,Marketing,51,65877,4,53.94588724143634,80,No
2797,Sales,50,76955,10,36.885549561199944,81,No
2798,Marketing,41,78220,7,42.210685541819835,69,No
2799,IT,42,78322,7,40.82202636334632,62,No
2800,IT,43,82065,4,44.29484931362144,73,No
2801,Sales,56,63313,7,44.75122376593594,78,Yes
2802,Finance,58,77435,3,42.77525586272431,81,No
2803,HR,37,98031,5,47.00566718140462,68,No
2804,Finance,38,62993,4,46.699684799096346,66,No
2805,Marketing,37,90702,2,42.070669865110176,71,No
2806,HR,23,83147,5,39.473139356834416,84,No
2807,Sales,25,66005,11,41.449387731881515,53,No
2808,Sales,42,67256,6,31.69705171201346,71,No
2809,HR,55,71776,10,37.370880480751566,66,No
2810,IT,51,82302,6,35.17138668396611,80,No
2811,HR,27,76039,9,44.45055959617213,87,Yes
2812,Marketing,38,62875,5,46.751698218423684,55,No
2813,IT,46,38769,3,43.30551367932561,78,Yes
2814,Sales,26,80082,6,39.353472195974675,85,Yes
2815,HR,26,41012,6,36.301902723689345,63,No
2816,Finance,41,49510,3,44.382827736858616,86,No
2817,Finance,37,63962,4,45.226665849445766,63,No
2818,Marketing,58,51788,7,39.52226431697872,82,Yes
2819,Finance,30,74762,1,40.29905866372225,89,No
2820,HR,26,65557,3,38.24698960633157,65,No
2821,HR,23,81778,2,42.08105645721145,71,Yes
2822,Finance,30,45884,4,38.05630302830961,88,Yes
2823,HR,57,60071,4,39.605310133202465,46,No
2824,Marketing,43,70062,7,34.145994949260626,80,No
2825,IT,43,70640,8,41.311163417029846,96,Yes
2826,Marketing,43,80410,3,48.75670662709169,39,No
2827,Marketing,55,56281,5,41.73660778583441,87,Yes
2828,HR,50,62979,2,45.21200945928987,84,No
2829,IT,59,77610,5,43.81780895801551,74,No
2830,HR,54,37021,5,39.38894925743051,79,No
2831,Sales,39,75774,10,39.931484900095626,77,No
2832,HR,28,81459,4,37.26140582851759,68,No
2833,HR,22,49995,4,44.89339884158966,89,Yes
2834,HR,54,65274,5,42.34116518127243,74,Yes
2835,IT,22,92389,4,45.014862815071666,79,No
2836,HR,45,79897,4,40.535369234288396,63,No
2837,IT,25,76704,4,31.053278647529076,46,Yes
2838,Finance,25,84864,2,36.39320006044838,60,Yes
2839,Sales,39,97068,4,45.00660633983735,96,No
2840,IT,48,70278,5,39.01742598190478,82,Yes
2841,Finance,53,63892,6,45.31410320258888,69,No
2842,IT,54,84828,6,47.05339681934675,81,Yes
2843,IT,49,67188,6,44.64936795794523,80,No
2844,Sales,57,56079,5,44.459033371717986,53,No
2845,Marketing,27,61899,6,26.559251098882804,85,No
2846,Marketing,37,74684,3,38.83125931914338,52,No
2847,IT,55,63256,7,39.96991388902031,67,No
2848,HR,44,64375,5,44.47404031949172,63,No
2849,Finance,45,54590,4,40.568308225468236,77,No
2850,HR,34,91530,4,32.524070645812344,77,No
2851,HR,39,64860,8,32.63785232960075,38,No
2852,IT,34,59327,4,37.57525896329497,89,No
2853,IT,58,60923,4,53.44081668699178,75,No
2854,IT,38,82037,3,41.40224146186783,86,No
2855,IT,36,78597,6,42.560138216326294,75,No
2856,Marketing,39,62472,3,32.629505549407625,77,No
2857,IT,44,70484,4,45.5177231864174,57,No
2858,Marketing,51,74150,3,38.412879462073455,65,No
2859,Marketing,55,59438,4,47.523088302478826,72,No
2860,IT,25,46890,3,33.78616148418325,83,No
2861,Sales,24,77725,3,39.53071229843018,69,No
2862,Finance,28,60268,4,37.44286929416046,66,Yes
2863,HR,39,76605,2,43.175363353468484,64,Yes
2864,Marketing,28,74815,9,44.89972712611812,79,No
2865,Finance,27,70836,2,36.85158087164835,73,No
2866,Sales,43,63608,5,44.02513226637886,64,No
2867,HR,22,60491,5,47.09402125336456,72,No
2868,HR,25,52923,7,44.90486233238923,65,No
2869,Marketing,50,60778,5,37.13136255234554,63,No
2870,IT,42,78532,7,37.880175779994524,55,No
2871,Sales,47,90967,5,38.93646698461641,58,No
2872,Marketing,35,88766,3,44.73402049566,74,No
2873,Sales,30,72181,2,42.14528746474813,50,No
2874,IT,33,90959,5,33.70985936287732,64,No
2875,IT,27,65397,7,39.92012474733047,82,Yes
2876,Marketing,41,50634,6,48.178252525392594,86,No
2877,IT,45,98813,4,44.92925773228997,79,No
2878,Finance,48,77992,7,36.995918301351566,84,No
2879,HR,59,46980,4,32.320293901217326,75,Yes
2880,Marketing,29,93385,6,37.505085183800944,62,No
2881,Sales,22,58848,4,39.983101930907125,83,No
2882,Finance,45,62111,7,37.943389215154376,80,No
2883,Marketing,28,85320,5,35.091541868903406,68,No
2884,IT,40,90425,4,42.92953791996594,67,No
2885,IT,43,54988,4,28.050064109821093,74,No
2886,IT,56,92064,7,45.606827017335824,88,No
2887,IT,51,83113,4,43.77468440595715,70,No
2888,Sales,50,58003,6,42.1348520466363,38,No
2889,Finance,43,66311,3,42.97892125321466,80,No
2890,HR,32,92742,8,38.57997220766518,61,No
2891,Sales,41,46591,3,39.86442111643511,80,No
2892,Sales,50,90710,4,47.34912595230041,79,No
2893,HR,55,82696,3,39.23941280271333,93,No
2894,HR,22,77637,6,41.92104511805591,73,No
2895,IT,52,71975,6,42.63467852426214,80,No
2896,Sales,51,99552,4,40.52684573001656,76,No
2897,Marketing,39,101768,4,38.929677025769415,85,No
2898,HR,38,60771,3,31.266882394683194,32,No
2899,HR,59,79183,5,44.07869994626737,66,No
2900,Finance,35,98115,4,45.38911776698005,72,No
2901,Marketing,44,58224,4,40.36334924903396,75,No
2902,Marketing,46,73647,4,46.2165767751361,60,No
2903,HR,36,85058,3,41.899539853851415,78,Yes
2904,IT,43,39776,5,30.19608843063847,85,Yes
2905,Finance,24,82428,3,34.72712937772378,66,No
2906,Marketing,40,53673,4,37.55495671980801,63,Yes
2907,HR,55,72884,7,36.949808110801726,79,No
2908,Marketing,56,87165,1,40.37125979074251,76,No
2909,Finance,22,34162,5,35.41034467370408,77,No
2910,Finance,42,81787,5,48.51735258326851,57,No
2911,Sales,50,100574,6,29.23633689627649,100,Yes
2912,HR,27,62000,4,39.59551893627966,45,No
2913,Finance,58,78650,3,36.252751044791445,85,No
2914,Sales,22,90029,5,33.4846857102338,66,No
2915,Sales,22,46105,6,42.948414335559576,100,Yes
2916,Marketing,48,81360,5,34.942611435518295,80,No
2917,Marketing,42,85356,3,40.20182046968391,87,No
2918,Sales,37,79579,8,35.244110820131645,80,Yes
2919,Marketing,47,71299,7,30.47766826453701,45,No
2920,Finance,37,54993,6,38.88598000926133,76,No
2921,IT,49,90871,1,41.528701101346435,79,No
2922,Finance,22,70517,2,37.01028966665129,80,No
2923,Sales,57,56441,1,46.58196918600591,89,Yes
2924,Sales,31,65229,4,41.47899028624634,77,No
2925,Finance,38,75525,1,43.622164710557946,84,Yes
2926,Marketing,44,46582,3,36.714353209840304,65,No
2927,Marketing,28,70268,6,36.84288064766861,53,No
2928,Sales,28,63746,2,38.30450060518237,63,No
2929,HR,36,90040,7,38.23435969041828,66,No
2930,Marketing,55,41876,8,37.68909799423051,63,No
2931,Finance,25,84081,3,34.45238222230155,60,No
2932,Marketing,35,91256,7,43.95271303502727,63,No
2933,Finance,35,42443,4,32.664778683782586,69,No
2934,Sales,37,44242,5,43.12931304051332,62,No
2935,Marketing,28,96788,10,44.14859355021854,100,Yes
2936,Finance,53,56434,6,38.56530007333867,58,Yes
2937,Sales,40,116422,6,52.67633777628116,80,No
2938,HR,23,42912,2,40.04577805546279,68,No
2939,Finance,31,72550,4,38.53671204337279,81,No
2940,HR,38,69649,9,38.76611950394573,72,No
2941,HR,58,66877,6,45.429782635469664,85,Yes
2942,IT,33,76944,2,38.67351839504756,70,No
2943,Marketing,27,77809,5,43.175284090783336,76,No
2944,Finance,43,67485,6,33.240000159537686,48,No
2945,HR,53,54787,4,40.73287809997087,58,No
2946,IT,41,85716,8,44.93384797814613,56,No
2947,Sales,22,79420,5,39.796007870826855,93,Yes
2948,Finance,27,71718,2,36.21848238414311,86,No
2949,HR,40,78945,3,38.57482873608272,77,No
2950,Marketing,39,81534,7,32.87819811641736,87,Yes
2951,IT,27,58574,4,44.56162609227787,62,No
2952,HR,54,78410,5,46.10192326576569,92,Yes
2953,Marketing,44,61704,6,39.36566051776893,76,Yes
2954,HR,44,82030,11,47.56518790366089,72,No
2955,Finance,47,67114,7,43.705238805889365,87,Yes
2956,Finance,34,79175,7,40.09177928312783,86,Yes
2957,Finance,28,63493,8,46.72501870134407,57,No
2958,IT,36,79955,5,43.56391079872674,85,Yes
2959,Finance,48,55318,11,45.943746006675575,72,No
2960,Marketing,47,70542,7,46.96049961926972,78,No
2961,HR,54,84709,3,38.80438278141611,70,No
2962,Sales,36,77008,6,43.4452207175982,61,No
2963,Marketing,57,72880,3,30.33951997921139,58,No
2964,Marketing,48,97053,4,34.19086530311724,67,No
2965,Finance,26,85354,5,42.52303843621189,80,No
2966,IT,23,82833,11,41.816141047935446,78,No
2967,HR,54,79870,5,35.250576919711065,77,No
2968,IT,37,81740,3,38.10771468422999,84,No
2969,HR,44,94856,5,41.78229842565437,74,No
2970,HR,59,63734,7,39.97831273411332,97,Yes
2971,IT,37,85141,9,38.85783086037047,79,No
2972,Marketing,35,75347,11,32.94891337906245,63,No
2973,HR,50,64253,5,41.75237980173635,58,No
2974,IT,47,68504,7,39.05219502599312,78,No
2975,HR,56,73287,3,50.863973067462126,72,No
2976,Sales,36,57100,5,47.02480231154108,61,No
2977,Marketing,24,82960,3,40.6723072199312,73,No
2978,Finance,44,68457,7,30.296114428487257,68,No
2979,HR,50,71273,7,52.12369896663034,69,No
2980,Sales,55,90358,6,44.08407189217127,91,No
2981,Finance,54,71946,7,37.24715494385907,83,Yes
2982,Finance,44,93290,4,44.42967304494572,87,No
2983,HR,28,62127,3,43.9770960139721,95,Yes
2984,IT,24,53543,6,36.721634278324736,76,Yes
2985,HR,53,65650,1,35.346614231347495,78,No
2986,Sales,52,27779,2,43.70931958194334,78,No
2987,Finance,39,83586,5,45.3775502114806,88,Yes
2988,HR,28,54416,6,41.605755709940574,87,Yes
2989,IT,22,60734,4,41.280270166021495,67,No
2990,HR,35,80744,4,46.769784002727015,61,Yes
2991,Marketing,53,71786,9,39.24991043392709,62,No
2992,IT,27,63391,9,25.55640823195406,75,No
2993,Sales,31,39451,2,42.6717822358261,60,No
2994,Finance,28,89512,6,45.76372992408098,79,No
2995,HR,47,80846,8,42.37627495019572,49,No
2996,IT,55,100835,7,33.60526609836339,97,Yes
2997,Marketing,51,61054,6,36.7928426314798,58,No
2998,IT,57,48183,5,39.30306007167054,67,No
2999,Marketing,42,84921,4,33.3871843912492,68,No
3000,Sales,38,67179,7,37.117660270919615,92,Yes
3001,Finance,54,79422,8,46.97404182802625,74,No
3002,Sales,31,94298,3,35.02783752099902,62,No
3003,HR,33,75822,2,38.51509000435243,74,No
3004,IT,37,72509,3,43.583188258208175,75,No
3005,Marketing,53,73450,6,31.9517859667742,79,No
3006,Marketing,36,45441,8,46.779875407505976,61,No
3007,IT,48,86620,8,36.91149708031715,85,Yes
3008,IT,49,87581,5,34.73467464816809,76,No
3009,HR,38,77958,4,46.93869649873924,92,No
3010,Sales,23,47268,4,44.358818281653996,72,Yes
3011,Marketing,57,68182,3,34.87566679906211,74,No
3012,HR,28,91577,6,38.09173769737139,73,No
3013,Sales,34,61513,10,41.4179396769273,90,Yes
3014,HR,36,87763,10,38.36512266978682,83,No
3015,Marketing,46,70826,4,46.42184941272375,66,No
3016,IT,44,80687,4,44.316519706704895,100,Yes
3017,IT,43,63817,5,24.98773407846653,67,No
3018,Sales,47,71265,3,35.86855896476074,68,No
3019,Finance,54,76550,5,37.29925767662051,86,Yes
3020,Sales,32,53751,6,37.64786719067632,73,No
3021,Finance,31,74108,4,42.23019307988341,62,No
3022,HR,46,29672,4,45.67392972600571,89,No
3023,HR,58,60977,5,36.79726039157367,99,Yes
3024,Marketing,59,78158,4,34.365632809729846,62,No
3025,Finance,45,86803,4,38.38020365592072,89,No
3026,Marketing,54,77091,5,29.174490678492877,69,Yes
3027,IT,38,49145,4,43.48434284348389,50,No
3028,Finance,45,85492,2,39.3739769245026,82,No
3029,Sales,58,52912,4,37.926537739847575,52,No
3030,IT,23,79212,2,41.09375594283263,66,No
3031,IT,53,53412,5,35.411554251595234,71,No
3032,Sales,45,58401,10,38.24927738437154,74,No
3033,IT,30,55654,1,36.60818270111382,88,No
3034,Finance,25,72084,4,30.53038045909427,67,No
3035,Marketing,38,67066,2,39.96647414091263,91,No
3036,IT,38,77633,4,52.58855262536387,73,No
3037,Finance,51,69720,2,40.13970280599989,61,No
3038,HR,32,47231,3,36.134164655225156,82,No
3039,Finance,42,74137,8,40.28425430406961,96,Yes
3040,Marketing,42,43567,5,34.52595530494452,69,No
3041,Finance,39,56742,2,37.01612486636426,62,No
3042,Sales,50,64541,4,37.87048015434888,68,No
3043,Marketing,45,63501,3,37.22594473919554,54,No
3044,HR,31,45288,7,38.530604574017744,78,No
3045,Sales,38,90567,10,43.453982605143665,56,No
3046,Finance,39,94720,7,37.96661226216782,82,Yes
3047,Marketing,41,103761,6,38.5195166649786,71,No
3048,HR,58,87214,1,30.413026505973438,83,No
3049,Sales,39,64068,4,33.386304570286846,71,No
3050,HR,38,63809,4,40.40722003494871,80,No
3051,Finance,30,62981,8,45.708853949117014,63,No
3052,HR,35,99784,8,39.05846516750899,78,No
3053,IT,50,68266,4,39.63085574040813,67,Yes
3054,Sales,52,89038,3,32.90588067692292,82,No
3055,HR,25,87871,6,35.89688110841831,73,No
3056,Finance,39,72843,2,41.19135011839697,88,No
3057,Finance,41,48225,2,46.013711276521974,71,No
3058,HR,30,68591,4,41.00532075381949,66,No
3059,Finance,34,72204,4,39.34390531930012,76,No
3060,Marketing,36,89168,9,41.29209551788436,100,No
3061,Marketing,48,70291,5,34.945674305736766,87,Yes
3062,Marketing,36,51870,7,35.34268266263841,65,No
3063,IT,49,84818,5,38.845151522638105,74,No
3064,HR,58,66586,2,34.22377921400188,67,No
3065,IT,40,31821,7,43.50046384740717,64,No
3066,Finance,47,74874,3,44.69507898252452,75,Yes
3067,IT,47,77511,9,38.63843234658123,71,No
3068,Finance,46,57355,6,43.77836879257638,62,No
3069,Finance,47,67119,4,47.43688364870167,67,No
3070,Sales,47,79865,5,42.015064347589345,75,No
3071,Marketing,49,74976,3,44.48465068987097,68,No
3072,Finance,39,46560,3,39.61991258093943,74,No
3073,Sales,53,88803,6,44.50142481867135,66,No
3074,Marketing,24,95594,2,39.37485438767064,80,No
3075,Finance,23,62347,7,36.515528087018716,66,No
3076,Finance,54,41351,9,43.46718086296539,82,Yes
3077,IT,40,81566,4,41.09888110038433,71,No
3078,IT,38,59903,5,43.898954092916945,49,No
3079,Marketing,54,78031,1,36.29473058325969,71,No
3080,Finance,33,103032,8,41.587475619600646,81,No
3081,HR,24,46805,2,44.711243986901096,68,No
3082,IT,47,58050,5,37.76905429478168,72,No
3083,Marketing,56,67082,5,44.005140945430306,82,No
3084,Finance,29,89375,5,47.86408420047412,93,Yes
3085,Finance,57,123334,12,37.05522261276565,88,Yes
3086,HR,28,73706,2,41.328263608212204,76,No
3087,Marketing,57,45516,2,48.77300086771041,81,No
3088,Finance,37,64817,6,32.82235256725627,76,Yes
3089,IT,45,58377,7,42.023387619978344,56,No
3090,HR,22,80823,4,43.46421125371139,90,No
3091,Marketing,46,75653,4,40.10296833019809,90,No
3092,HR,31,54372,6,51.186416916130476,54,No
3093,IT,37,57497,5,42.4542476951761,70,Yes
3094,Marketing,37,64599,6,46.724153700309046,93,Yes
3095,HR,29,66409,4,44.16816146683386,77,No
3096,Sales,50,69367,6,47.472397862746305,63,No
3097,IT,49,70733,7,40.880977495941984,89,Yes
3098,IT,27,88522,4,33.474119471700305,76,No
3099,IT,37,64056,3,42.731780127665736,90,No
3100,Sales,41,61846,5,31.57016552517677,76,No
3101,Sales,37,49918,4,38.33109062287435,49,Yes
3102,Finance,28,66642,4,37.668205956282705,96,No
3103,HR,35,73842,7,38.06043115280856,61,No
3104,Finance,47,44138,9,46.321040441779076,69,No
3105,HR,47,64863,0,39.87274453497419,89,No
3106,Sales,35,87404,2,50.27886804989478,100,No
3107,Sales,28,79724,4,39.67630150686602,74,No
3108,Finance,54,75601,4,29.312178325469592,79,No
3109,Marketing,47,79318,3,37.03898109073842,60,No
3110,Finance,41,61394,2,44.25309015035982,71,No
3111,HR,24,59396,8,33.261480109324324,88,Yes
3112,Finance,25,89078,8,38.22016128902607,78,No
3113,IT,47,82429,3,44.08189383679843,95,No
3114,HR,32,58805,5,38.42270701343794,58,No
3115,HR,23,41819,6,37.22600724920687,57,No
3116,Marketing,35,59117,4,46.271266473570535,66,Yes
3117,Sales,51,78153,4,38.86547503474371,67,No
3118,HR,33,60126,4,34.78873364622569,86,No
3119,Sales,47,74951,6,44.16808745620628,70,No
3120,Finance,54,91296,6,45.68396313937795,60,No
3121,IT,34,68604,5,40.90289623529102,79,No
3122,Marketing,35,73509,2,37.10206434339167,65,No
3123,Sales,45,80273,1,35.5634031740194,61,No
3124,HR,55,53768,5,37.231973360516726,87,Yes
3125,Sales,47,58404,2,33.69722162342747,90,No
3126,HR,42,80892,7,37.5372253718492,86,Yes
3127,Sales,49,70554,7,42.74643792743714,64,No
3128,HR,57,71826,3,43.68335004472298,67,No
3129,Finance,23,70499,10,40.135533496618194,81,Yes
3130,HR,30,84674,8,41.91220607624125,83,Yes
3131,HR,44,76535,6,38.82432952202152,72,No
3132,IT,36,76732,2,36.347624944447205,89,No
3133,HR,34,88332,5,38.28789032032413,50,No
3134,IT,44,94098,9,45.621502996416005,68,No
3135,Marketing,38,103653,5,28.618004650827018,100,Yes
3136,IT,23,61314,6,34.26888058427291,74,No
3137,Finance,41,107041,11,37.63358895629324,69,No
3138,IT,41,53548,3,34.444049118132746,80,No
3139,Marketing,24,99028,7,42.19067270004208,63,No
3140,Finance,33,60490,6,32.33297351462378,47,No
3141,Sales,23,68965,11,46.016796044800444,100,Yes
3142,Sales,57,70278,5,49.781440328270136,64,No
3143,IT,35,56995,8,41.243980670297574,77,No
3144,IT,37,71300,4,36.90547940907627,77,No
3145,Marketing,40,57769,6,44.63414471176862,80,Yes
3146,Marketing,55,51475,3,38.58557991283359,65,No
3147,HR,27,69419,6,35.72717666922864,44,No
3148,Marketing,34,93848,8,40.26341645589108,67,No
3149,HR,57,66189,2,32.115868093533265,75,No
3150,Finance,43,84115,4,36.30013579418446,76,No
3151,IT,39,57315,3,36.17123240319334,93,No
3152,Finance,33,50747,4,39.52704439706244,71,No
3153,Marketing,51,76807,8,32.051949037293596,77,No
3154,Finance,28,96334,8,35.36690290109433,65,No
3155,Finance,53,73134,1,37.43262299071551,67,No
3156,Finance,40,82399,4,42.37031583729269,99,No
3157,Marketing,27,92426,7,40.012837307871145,66,No
3158,Finance,41,69452,6,48.174292837854146,70,No
3159,HR,48,67719,9,35.476392318369534,88,Yes
3160,Marketing,58,77081,7,44.41620363557836,97,Yes
3161,Finance,28,79750,10,44.412490473001675,84,Yes
3162,Marketing,26,49015,6,40.90198439547374,84,Yes
3163,Sales,32,74435,12,40.708243582219325,59,No
3164,HR,36,69989,8,41.31994660402832,81,No
3165,Finance,24,58157,3,35.303701824964136,71,No
3166,Sales,26,68952,3,44.8024295738251,80,No
3167,Sales,44,52520,8,40.37433243707249,71,No
3168,Marketing,58,47336,2,33.987492373587884,68,No
3169,Sales,30,71002,4,45.955852437744376,57,No
3170,HR,36,83531,4,39.456822719972074,73,No
3171,HR,24,64790,5,40.26497541179554,77,No
3172,IT,50,55589,6,27.447505365335388,49,No
3173,HR,27,57920,4,39.58764625643512,67,No
3174,Sales,38,78234,7,46.34563937882903,71,No
3175,HR,47,95010,7,36.86247907510922,81,Yes
3176,Marketing,42,81556,6,33.56022387555694,67,No
3177,IT,29,89511,3,42.27966934202762,82,No
3178,Sales,42,54285,6,31.28595011601284,78,No
3179,IT,32,68891,4,43.00538595042893,85,Yes
3180,Sales,59,85280,5,38.98208358883039,68,No
3181,Marketing,29,49012,4,40.40795745070945,71,No
3182,IT,45,60124,5,51.82330415554519,81,Yes
3183,Finance,56,84130,6,41.25217722794367,62,No
3184,Sales,35,73876,3,33.30814831578511,74,No
3185,Finance,35,55523,5,40.57423471957161,86,Yes
3186,IT,31,45537,3,43.71519774725262,66,No
3187,Finance,33,90059,2,29.904839548622533,78,Yes
3188,Finance,59,39199,5,39.93608645105399,74,No
3189,IT,55,79485,8,31.344296751892134,92,Yes
3190,Marketing,31,62004,4,40.12366339964809,75,No
3191,Finance,38,85706,4,47.72271434052995,81,Yes
3192,Finance,38,54367,6,37.82800194536482,72,No
3193,Marketing,24,109221,0,40.3935733944709,68,No
3194,Finance,52,76034,4,41.39887600673168,77,Yes
3195,Finance,22,78506,3,41.71296967942745,68,Yes
3196,Finance,33,58404,4,40.74052945667048,87,No
3197,HR,25,67999,4,29.958243060840406,89,No
3198,Marketing,34,68388,7,40.92301838123063,75,No
3199,Finance,55,96941,6,36.827552256212755,69,No
3200,Marketing,42,76008,6,34.29622111400462,77,No
3201,Sales,43,78157,4,40.99632202621625,59,No
3202,Sales,25,77989,5,40.69589753705349,65,No
3203,Finance,39,79429,4,31.142389442194087,61,No
3204,Marketing,26,49158,10,38.00321991560565,66,No
3205,Marketing,40,100739,5,46.708888560151564,67,No
3206,Marketing,23,56837,6,33.70929551117323,59,Yes
3207,HR,33,69423,11,40.83594629367753,71,Yes
3208,Sales,38,92972,2,33.97252906338993,72,No
3209,Marketing,31,99019,2,48.20217069123204,81,No
3210,Marketing,55,82089,3,43.490050313340795,76,No
3211,HR,27,62429,6,35.853129229806534,91,Yes
3212,HR,29,71916,6,41.06899195695007,82,Yes
3213,Marketing,32,72504,4,33.1477172450283,100,Yes
3214,IT,33,73035,3,30.93728337295012,61,No
3215,Marketing,30,51549,8,39.525642851801365,86,Yes
3216,Marketing,23,88901,3,36.21187516786206,56,No
3217,HR,29,72018,6,40.99158291273919,87,Yes
3218,HR,32,59166,5,31.619552363376574,79,No
3219,Marketing,57,62524,3,37.21866287982379,72,No
3220,Marketing,31,74047,5,47.653182384473396,77,No
3221,Marketing,42,48956,5,47.1536024881779,69,No
3222,HR,41,83176,3,48.364857231495016,67,No
3223,Marketing,29,73520,3,51.29849172898567,80,No
3224,Marketing,57,93485,5,37.979966764036234,55,No
3225,Finance,50,71163,6,26.102033420222078,78,No
3226,IT,33,53720,5,45.519713410958786,73,No
3227,Sales,35,52032,4,34.41712514033705,71,No
3228,IT,42,64139,3,50.297875168245056,69,Yes
3229,Finance,43,65726,6,40.41422081201798,77,No
3230,Sales,42,61491,4,48.178327294090096,87,No
3231,Marketing,51,71927,8,39.22823757248726,100,Yes
3232,Finance,41,61110,5,36.60230335285272,88,Yes
3233,Marketing,45,73813,8,43.637169988919936,84,Yes
3234,HR,44,62190,3,42.44622395971651,65,No
3235,Finance,28,79475,6,34.27344704341026,67,No
3236,HR,30,65348,5,39.826906482947194,74,No
3237,Finance,22,88693,4,37.12084846670751,80,No
3238,Finance,47,79784,6,41.02115334198397,69,No
3239,HR,59,72903,4,39.82630261753929,89,Yes
3240,Sales,59,66884,4,40.68228062276957,66,No
3241,IT,43,47214,4,40.077511217292695,59,No
3242,Marketing,31,91203,3,38.23711978424258,87,No
3243,Finance,27,59788,6,41.79821318967351,77,No
3244,Marketing,38,71360,6,36.20774941447653,71,No
3245,HR,59,75157,4,48.242229007428804,58,No
3246,Marketing,45,67247,7,39.920371051114046,86,Yes
3247,HR,31,90319,5,44.21114017244311,100,Yes
3248,Marketing,29,51679,7,37.32706365815901,80,No
3249,IT,42,96009,1,37.878081440885985,67,No
3250,IT,27,80073,6,44.61098922966382,77,No
3251,IT,42,66303,6,43.79876381553679,81,Yes
3252,IT,45,66471,6,39.38642636128211,80,No
3253,IT,54,36747,4,31.07569244830938,65,No
3254,IT,39,57276,7,37.37975309686695,68,No
3255,HR,49,64691,7,39.55800538270146,66,No
3256,Finance,53,72641,4,36.58807015702512,79,No
3257,Marketing,33,88893,6,33.63907485656387,74,No
3258,IT,48,100563,3,44.27005438724112,88,No
3259,HR,31,74084,3,39.09729471145267,77,No
3260,HR,53,73084,9,49.04444900922232,83,Yes
3261,HR,47,62644,6,39.161946144148445,71,No
3262,Finance,46,44273,4,40.88721975498075,53,No
3263,Marketing,32,60913,1,37.0560430831717,91,No
3264,Finance,44,66917,10,47.555230110293394,76,No
3265,Sales,55,84630,1,38.48820482854912,79,No
3266,HR,44,77792,4,38.985401864868614,84,No
3267,Sales,50,73323,5,35.23868737751325,78,No
3268,IT,52,61287,6,41.89801156384154,52,No
3269,IT,28,40268,2,38.35067545332893,70,No
3270,Finance,54,41173,2,35.15356069917712,69,No
3271,Marketing,42,45043,2,39.75730828506849,69,No
3272,Sales,23,65619,9,43.622488602816304,72,No
3273,Marketing,39,84910,6,48.24072776583728,75,No
3274,Finance,54,84505,5,41.17913217842343,98,Yes
3275,IT,58,81905,5,37.24709457636324,81,Yes
3276,Marketing,55,62273,4,42.28347603815078,83,No
3277,Marketing,41,87163,7,39.297916401262114,69,Yes
3278,IT,56,56033,7,40.28152531306933,92,No
3279,Sales,39,82800,5,39.98954247359649,76,No
3280,IT,45,44881,6,42.30688202533507,74,No
3281,Marketing,29,52343,10,42.97578834270538,53,No
3282,Sales,51,94789,2,39.752866427000455,83,No
3283,Sales,31,66942,3,57.58983685496792,86,No
3284,IT,44,59785,7,44.59290942557209,85,Yes
3285,Marketing,32,86541,10,29.60370428567566,58,No
3286,Finance,23,88260,6,38.26573793858096,86,Yes
3287,Marketing,47,63500,1,39.90303962729069,71,No
3288,HR,57,74176,5,43.0460615777289,59,No
3289,Finance,54,72053,7,49.17042698196705,100,Yes
3290,Sales,34,27593,1,36.40296154463943,93,No
3291,Finance,46,49062,8,45.75465565482886,82,Yes
3292,Sales,25,84133,7,41.018065098328904,81,No
3293,Sales,40,57510,6,41.64563042400846,93,Yes
3294,Finance,39,77947,4,45.97154437845977,69,No
3295,Sales,58,73945,5,31.681443356983145,100,No
3296,Sales,51,88231,3,42.674224441369105,75,No
3297,HR,40,49543,3,48.262349607216024,86,Yes
3298,Marketing,44,75913,2,34.710309958584304,81,No
3299,Marketing,37,69018,3,40.01164231683308,62,No
3300,HR,22,58153,6,43.39171882894399,75,No
3301,Finance,33,58048,5,30.21633737805802,92,Yes
3302,IT,45,73412,3,41.67985784203279,65,No
3303,IT,55,79445,3,38.696187341915014,91,No
3304,IT,29,70953,6,47.00903304688513,82,Yes
3305,HR,39,71420,3,36.3026334715896,59,Yes
3306,HR,26,62522,4,39.78975904195433,74,No
3307,Sales,47,63517,4,35.97546670828943,74,No
3308,IT,51,58112,5,39.40482430340567,62,No
3309,Finance,34,62220,7,36.41142546060297,78,No
3310,Finance,40,78920,11,38.07223115507157,58,No
3311,IT,50,80596,10,34.26818948365827,85,Yes
3312,IT,24,50861,1,36.51987007922065,64,No
3313,IT,47,56553,5,36.246478439204026,71,No
3314,HR,33,59344,2,37.7067713233386,74,No
3315,HR,23,69039,2,39.41714596743802,93,No
3316,HR,32,44752,1,25.47573303419306,59,No
3317,Marketing,49,56816,5,40.71453929069969,68,No
3318,Finance,39,49216,3,46.19563449270614,76,No
3319,Finance,34,76007,3,43.76961510783369,74,No
3320,Sales,58,69554,5,35.665543156778654,76,No
3321,HR,43,63061,4,45.11371866095466,72,No
3322,Marketing,33,54050,5,35.95617371330816,78,No
3323,Marketing,23,63293,6,41.4643645611797,51,No
3324,Finance,58,61529,4,27.917206714852774,91,No
3325,HR,28,94519,3,43.047522402665045,74,No
3326,Sales,47,84955,7,40.02511913440384,100,Yes
3327,HR,47,59639,2,40.69325198024275,70,Yes
3328,IT,45,72477,7,40.08704619176302,87,Yes
3329,HR,33,84163,6,49.341084528711605,66,No
3330,IT,37,59634,6,44.36889510294811,75,No
3331,IT,44,48743,2,43.57977118167351,62,No
3332,Sales,30,43047,1,42.77640951742237,71,No
3333,Finance,53,89084,4,50.0289097603757,66,No
3334,HR,36,67134,8,38.74008827031304,80,No
3335,IT,58,74369,5,33.056889045390356,94,Yes
3336,HR,34,61386,8,48.58486285249406,80,No
3337,Finance,26,50981,6,37.624115423680976,100,Yes
3338,Finance,32,53780,2,42.478213375134935,83,No
3339,Marketing,31,49884,2,42.60664530913962,63,Yes
3340,Finance,34,82749,6,36.330237175948454,100,Yes
3341,Sales,36,92388,2,32.93161156050037,85,No
3342,IT,28,70558,6,45.32961546121749,58,No
3343,Marketing,49,47233,3,46.3422017093647,74,No
3344,Sales,53,77448,2,43.16656203389513,84,No
3345,HR,56,88974,7,42.010742998023865,81,Yes
3346,IT,36,84575,3,33.00799378581601,84,No
3347,Finance,57,69563,6,38.34095999229609,87,No
3348,IT,42,66482,5,46.068328625361275,67,Yes
3349,HR,27,69442,7,36.09891617993309,81,Yes
3350,Marketing,22,88378,4,40.663996718229235,77,No
3351,Marketing,25,81405,9,42.305802848873476,71,No
3352,Marketing,32,64213,4,42.573211350809814,85,Yes
3353,Finance,47,63836,7,34.87711340333536,77,No
3354,Sales,58,62774,3,39.41141814662368,88,No
3355,Sales,44,54030,4,44.22923243259674,78,No
3356,IT,50,90277,0,49.295185340335664,71,No
3357,Finance,42,58182,7,38.92086874571649,76,No
3358,Marketing,48,77354,2,42.05581927175814,83,No
3359,Marketing,34,60078,7,34.20164028282689,75,No
3360,HR,44,62841,9,38.78678124899337,69,No
3361,HR,37,68291,6,37.50011441734579,76,No
3362,Marketing,51,78178,6,49.689645135968824,92,No
3363,Marketing,25,66111,5,43.665645042650276,83,Yes
3364,Finance,37,52911,3,40.46721009573719,79,No
3365,Sales,52,70286,7,30.481393899566488,72,No
3366,HR,46,58499,5,41.54204023668116,77,No
3367,Sales,33,93157,4,41.592354908242065,63,No
3368,Finance,47,66100,6,38.86589083194546,72,No
3369,Marketing,58,59980,2,40.233472591936625,81,No
3370,Sales,54,99622,6,49.00748764820766,76,No
3371,Marketing,49,81083,4,44.74379454209934,70,No
3372,Marketing,30,56548,3,35.57317631868126,60,No
3373,IT,33,58136,4,49.761843245270185,73,No
3374,Sales,26,77112,5,36.028734201773545,66,No
3375,Sales,49,70652,4,48.080222653359336,74,No
3376,Marketing,56,83352,8,36.379534138482796,78,No
3377,Finance,26,60059,6,39.243078968753395,92,Yes
3378,IT,55,80516,6,29.43756945257276,86,Yes
3379,Marketing,55,36425,4,42.636748347337,77,No
3380,HR,34,67683,2,30.185394329225378,100,No
3381,HR,35,60742,6,41.03663593699041,79,No
3382,IT,32,63174,3,37.82696497615626,66,No
3383,Finance,59,68456,2,37.88299236212253,72,No
3384,Marketing,25,87077,7,41.96995746485167,100,Yes
3385,Sales,54,52689,6,44.0979455510947,66,No
3386,IT,28,37179,5,46.54389729604488,71,No
3387,Finance,29,54429,5,34.15152119525794,87,Yes
3388,Sales,58,85336,3,38.44415861862775,64,No
3389,HR,31,45325,10,39.761476837718675,87,Yes
3390,HR,36,61420,6,43.01478111310628,88,Yes
3391,Sales,59,82593,5,42.91261747464132,78,No
3392,IT,36,69123,2,35.77645912671799,94,No
3393,HR,26,86930,3,46.00930287279816,73,No
3394,Marketing,50,39476,7,42.05058702130438,86,Yes
3395,Sales,40,65175,7,48.94487989064401,46,No
3396,Sales,31,90057,1,41.58541567784087,83,No
3397,HR,33,53096,4,29.98705645012142,91,Yes
3398,IT,25,85522,4,35.88303861277074,84,No
3399,Marketing,52,66464,7,39.19493792452788,70,Yes
3400,IT,39,76511,4,35.77888890730844,57,No
3401,Finance,37,88969,4,35.59430042675036,88,Yes
3402,Finance,57,76447,5,49.52194491443162,65,No
3403,HR,46,61131,3,33.75340112619274,66,Yes
3404,HR,44,78430,8,37.35337593465422,71,No
3405,HR,33,60073,5,40.330939113809016,83,Yes
3406,Finance,55,74100,7,33.42324405329906,89,Yes
3407,IT,57,51222,7,39.184584722596696,99,Yes
3408,IT,58,70436,2,28.18068756825604,77,No
3409,HR,24,87839,2,37.24461981276767,78,No
3410,Marketing,30,65518,8,34.40709144636878,80,No
3411,IT,39,86405,3,38.46617462121467,69,No
3412,Finance,56,116401,5,39.72113678981701,83,Yes
3413,Sales,55,69565,5,46.743494859083384,68,No
3414,Sales,35,79212,2,36.9488342977465,88,No
3415,Sales,25,77152,4,50.68598482116683,63,No
3416,Marketing,50,73376,8,41.06126705125422,86,Yes
3417,HR,36,81818,14,35.2858769972366,86,Yes
3418,Finance,49,66278,5,40.6757609521834,57,No
3419,Marketing,37,60061,7,46.177625681189035,79,No
3420,Finance,33,47105,4,34.66131563399283,94,No
3421,Finance,26,64858,3,49.7110780770949,78,No
3422,HR,55,83521,8,42.66081160375193,76,No
3423,Sales,22,55903,6,34.27985038210276,69,No
3424,HR,53,73700,4,37.3889649834363,81,No
3425,Marketing,47,68153,5,37.921643779548845,71,Yes
3426,Marketing,38,60689,4,45.541450928227064,81,No
3427,Marketing,48,42204,2,34.10310715764441,84,Yes
3428,HR,45,90442,7,47.69730716552861,79,No
3429,Finance,56,77757,9,45.70802074533144,89,Yes
3430,Finance,47,109979,7,48.32186609854983,80,No
3431,IT,59,86191,6,40.29405553623508,71,No
3432,Marketing,44,90108,5,46.174428564033114,54,No
3433,Finance,43,43759,0,38.7964149877763,70,Yes
3434,IT,25,43497,3,45.108235914823815,73,No
3435,Finance,30,70634,4,40.437693549800024,82,No
3436,Marketing,25,52778,6,49.005339818050025,53,No
3437,Sales,28,59780,5,41.341664034926836,54,No
3438,Marketing,44,107893,6,35.776755834053205,53,No
3439,HR,23,87848,9,47.56448698848267,74,No
3440,Finance,45,55965,4,41.04255189309551,60,No
3441,Finance,52,34508,2,37.31679707787788,81,No
3442,HR,52,54700,7,37.0797121184364,71,Yes
3443,HR,55,61642,8,35.549659575022204,57,No
3444,Sales,45,65181,7,32.83783232102904,88,Yes
3445,Finance,47,50814,5,37.88887526730345,75,No
3446,Finance,37,86947,4,41.02421065182173,88,Yes
3447,Sales,34,59328,4,38.093963633030775,76,No
3448,IT,36,79728,4,21.094868625893525,94,No
3449,Sales,48,70808,3,32.314636111422004,83,No
3450,Marketing,25,84077,2,44.7003933174855,59,No
3451,Finance,37,66431,8,39.42776152302521,69,No
3452,HR,51,56125,2,31.47022805744316,68,No
3453,Marketing,51,61021,3,38.222198907138264,48,No
3454,Finance,57,61232,10,40.62307052482021,86,Yes
3455,Sales,24,100968,3,44.77676000629291,81,Yes
3456,Marketing,43,71147,3,36.56813573295122,93,No
3457,Finance,43,70069,7,43.171377816736126,56,No
3458,IT,33,83230,3,39.8890259579417,62,Yes
3459,IT,42,69998,7,38.1465957103028,64,No
3460,HR,25,86825,6,44.36514898399903,93,Yes
3461,Finance,52,64418,4,35.27541585574046,93,No
3462,IT,52,62895,5,44.736714905286405,60,No
3463,Sales,44,55295,4,34.292971125847046,80,No
3464,Finance,41,97750,4,37.11839624218101,83,No
3465,Sales,36,68952,5,38.07802567639668,74,No
3466,Sales,44,52389,5,39.44578433804977,99,Yes
3467,IT,49,72952,4,27.281442431196176,46,No
3468,Finance,37,60249,8,40.52770133799038,52,No
3469,Marketing,58,64155,5,30.864279416223464,77,No
3470,IT,42,74661,9,40.83817045136495,61,No
3471,IT,36,92814,3,41.37163855293767,86,No
3472,Finance,38,71523,2,44.88321719232025,56,No
3473,Finance,58,59334,6,33.32342620185206,83,Yes
3474,Sales,34,62426,5,41.146642471953314,75,No
3475,Finance,40,79846,8,39.761518489186436,97,Yes
3476,Sales,51,40624,4,37.161283240224556,65,Yes
3477,IT,39,54359,8,34.625739913476025,95,Yes
3478,HR,35,73189,7,40.40420741113056,85,Yes
3479,Marketing,57,44399,3,46.684599821739226,64,No
3480,IT,57,65312,6,38.79699143298781,64,No
3481,Finance,41,62826,8,46.26873291299432,88,No
3482,Marketing,40,83161,7,45.72976670614234,77,No
3483,HR,28,66245,1,29.303814901640326,73,No
3484,HR,25,87800,5,35.703849029467875,96,Yes
3485,Sales,55,71183,5,37.25620655871924,85,Yes
3486,Marketing,23,96646,2,46.619062874968186,65,No
3487,Sales,26,49187,8,39.9003069107544,68,No
3488,IT,31,94256,5,46.453289443393146,80,No
3489,Marketing,53,63833,2,39.317986419279805,78,No
3490,IT,34,92109,3,46.593539258712234,84,No
3491,Sales,26,87778,6,42.2616711800536,85,Yes
3492,Marketing,31,27221,8,39.52133393753441,94,Yes
3493,Sales,31,77187,5,45.873594647155585,70,No
3494,Marketing,59,84964,7,37.476992051115076,100,Yes
3495,Sales,48,89928,2,50.10365065862622,86,No
3496,HR,42,52350,5,32.6921593823413,78,Yes
3497,Sales,29,78855,4,37.84734959515603,73,No
3498,HR,22,72926,5,40.5039399525889,79,No
3499,Sales,49,76471,5,36.29094751621021,53,No
3500,Marketing,35,84984,3,41.971818650518784,73,No
3501,Marketing,42,87350,6,39.397049734745956,90,Yes
3502,Marketing,51,60163,12,41.64943419875459,70,No
3503,Finance,42,73981,6,35.55445820850832,52,No
3504,IT,30,70617,4,34.9193415047476,59,No
3505,Marketing,38,66409,4,39.85697731862265,71,No
3506,HR,26,67843,2,43.6454472394625,79,No
3507,Marketing,52,72939,3,49.2172273036463,64,No
3508,Finance,59,60970,7,30.863613561264856,58,Yes
3509,HR,40,83245,8,39.01476326065814,66,No
3510,Finance,57,89039,4,42.21434910395131,98,No
3511,HR,54,57691,5,41.82628962627373,100,Yes
3512,Sales,34,89774,0,33.895597341456146,81,No
3513,IT,35,57719,4,36.365602632992506,78,No
3514,IT,54,83466,5,39.93092467213326,88,Yes
3515,Finance,50,89747,6,53.41700282750123,58,No
3516,IT,57,68582,5,44.71552650892252,68,No
3517,Finance,31,57842,5,41.752146395395236,49,No
3518,Finance,52,61169,5,26.53357029806528,80,No
3519,Finance,27,75427,7,33.41280295592513,74,No
3520,IT,22,99469,6,33.85560113297564,65,No
3521,Finance,28,44609,4,41.79007118139143,98,No
3522,IT,48,71503,3,39.3189584681966,89,No
3523,Finance,42,68678,11,36.82401402078659,74,No
3524,Marketing,49,63152,7,41.672232323308904,65,No
3525,Finance,37,68788,2,32.44643744543668,78,No
3526,HR,44,61867,7,35.92592518133631,76,No
3527,Finance,41,88647,5,39.670560266468854,68,No
3528,Sales,59,90137,6,49.34608380500344,63,No
3529,Finance,46,71322,4,44.47822402822556,77,No
3530,HR,49,67882,3,42.15518879490594,77,Yes
3531,HR,26,62604,3,37.99633642087745,62,No
3532,IT,42,71354,10,39.90917124245446,51,No
3533,Marketing,39,97717,7,46.08035143631136,70,No
3534,Finance,27,68443,4,49.12871259953308,57,No
3535,IT,50,57408,7,38.8001999806656,65,No
3536,Marketing,40,64033,7,42.2530587112072,68,No
3537,Finance,54,81302,4,44.570495145982996,80,No
3538,Sales,22,59233,5,42.0439822423113,68,No
3539,Finance,24,69494,7,33.45316208160379,78,No
3540,HR,42,77093,8,36.275106121780375,64,No
3541,HR,56,60372,4,43.703158940961586,78,No
3542,Sales,24,43533,1,37.18255853811971,71,No
3543,IT,46,53929,5,48.96800773632303,78,No
3544,Marketing,59,57118,5,38.46201540446847,90,Yes
3545,Finance,41,66567,10,33.33067959139097,72,Yes
3546,HR,55,70664,5,45.17304995357664,73,No
3547,IT,42,82355,4,38.200080374582775,80,No
3548,Sales,44,51591,8,38.59588956180885,81,Yes
3549,HR,27,80174,3,44.339558029244394,46,No
3550,Sales,34,64436,3,35.047829339905206,61,No
3551,Finance,44,43216,7,40.41063213636056,77,No
3552,Marketing,30,70203,11,33.94318879595552,94,Yes
3553,HR,38,89744,4,40.379665180200355,57,No
3554,HR,23,83246,3,31.80641260303014,68,No
3555,Finance,40,68855,8,35.79579991277166,77,No
3556,IT,40,86886,2,44.491505335719246,63,No
3557,Marketing,28,72883,8,46.48622950047043,81,No
3558,HR,41,84717,7,35.57596097883532,83,Yes
3559,Marketing,30,45075,4,35.52179987540267,80,No
3560,HR,38,51254,4,40.511825815702004,77,No
3561,Marketing,48,80935,3,35.95809284550615,62,No
3562,Sales,23,93089,8,44.688312655806826,71,No
3563,HR,57,76259,3,33.04918864457969,90,No
3564,Marketing,40,62539,5,36.86471877894813,79,No
3565,IT,38,57242,5,49.06153677843963,46,No
3566,Sales,26,65270,3,41.89095848907545,84,No
3567,Sales,39,88204,7,42.92213336819688,79,No
3568,IT,28,64862,4,39.049065678550285,70,No
3569,Marketing,38,85716,5,32.68925188619279,72,No
3570,Finance,57,79788,4,47.74442411725344,67,No
3571,IT,25,95708,4,40.97570621056569,75,No
3572,Marketing,59,73003,5,44.74554258753329,75,No
3573,IT,46,69256,3,38.63078387155088,72,Yes
3574,IT,26,86465,3,39.8718609446778,78,No
3575,HR,51,55971,4,38.000150827356315,73,No
3576,Marketing,33,63339,6,41.02917522829021,87,Yes
3577,Finance,25,44799,5,37.64646398285608,85,Yes
3578,HR,45,51185,4,35.688624189041235,58,No
3579,IT,50,98850,1,39.00918607143301,79,No
3580,IT,30,80384,5,42.63909521876711,71,No
3581,IT,25,49439,2,45.818296272859016,63,No
3582,Marketing,45,87922,5,33.262664091180405,78,No
3583,Marketing,35,59444,5,44.433459425396194,79,No
3584,HR,26,79614,3,36.50869105461891,100,No
3585,Finance,39,79390,5,34.96143184087799,48,No
3586,HR,40,94974,5,35.236027904176254,69,No
3587,Sales,33,61934,8,53.01937207103676,100,Yes
3588,IT,39,58896,4,43.72187313497295,65,No
3589,IT,38,29664,6,34.24251886008839,79,No
3590,IT,51,68173,5,37.23782878112862,77,No
3591,HR,45,80879,8,33.21368136508869,76,No
3592,HR,32,82929,5,33.38000941699288,68,No
3593,IT,56,88785,2,33.19201243785775,69,Yes
3594,HR,44,74347,3,34.78867782243548,78,No
3595,Marketing,38,77571,8,43.82925947086869,72,No
3596,Marketing,22,71021,9,45.32845087445824,78,No
3597,HR,36,80611,1,35.39170660679604,80,No
3598,IT,53,55986,2,37.93343219452201,86,No
3599,HR,30,48873,3,44.19302407647114,87,No
3600,HR,36,57568,6,40.18300216277158,77,No
3601,HR,49,73204,7,41.74140142783384,61,No
3602,Sales,45,50493,6,37.40926097599726,90,Yes
3603,Marketing,56,60501,8,47.65458922302053,79,No
3604,Finance,43,60980,5,48.58680239615363,85,Yes
3605,Finance,48,81727,8,43.61440411925603,80,No
3606,Sales,40,79901,4,36.99858788546315,72,No
3607,HR,33,71057,4,33.41505604946919,71,No
3608,Sales,41,76765,8,48.72646915617245,94,Yes
3609,Sales,22,77061,6,41.634022980200434,76,No
3610,IT,42,64545,11,40.59352795060639,74,No
3611,Marketing,22,61862,2,43.55992868319,65,No
3612,Finance,31,93050,5,40.13650931175271,72,No
3613,HR,53,32663,3,38.67460172225775,87,No
3614,Finance,43,58880,8,51.08098791372632,76,Yes
3615,Finance,39,66943,4,45.90770990694462,91,Yes
3616,Marketing,53,78399,7,48.306109396702325,79,Yes
3617,Finance,48,87032,9,47.90705995973484,76,No
3618,Finance,49,97850,6,30.087409291277645,70,No
3619,Sales,39,68624,4,44.16035448320615,76,No
3620,Marketing,50,69628,2,42.4953397452012,65,No
3621,IT,39,75439,7,36.92336347375973,83,Yes
3622,HR,29,62033,9,54.70524040582726,74,No
3623,Finance,52,52236,4,40.76664857646782,72,No
3624,HR,55,68556,7,37.42070702189061,72,No
3625,IT,28,81180,7,39.313725869669284,83,Yes
3626,HR,57,66356,4,43.09836534772649,68,No
3627,IT,39,76201,3,42.234998395374525,87,No
3628,Sales,59,41967,3,37.36819831302334,70,No
3629,Finance,30,70276,6,44.20175391300419,83,Yes
3630,IT,30,63948,3,40.16767812046526,69,No
3631,HR,29,50873,4,38.743897289844305,68,No
3632,Finance,56,79858,5,38.95957100922901,93,Yes
3633,Sales,39,97684,5,34.1722207437152,83,Yes
3634,Finance,26,84849,9,35.1678503947015,76,No
3635,IT,35,85806,2,34.73454316011401,57,No
3636,Sales,49,80687,3,28.08394251599406,80,No
3637,HR,51,79696,5,41.70991528983798,87,Yes
3638,Sales,25,43008,7,34.910967803492824,77,No
3639,Sales,41,68080,2,37.93577964286408,75,No
3640,Marketing,46,77630,2,38.490713905330956,77,No
3641,Sales,49,77971,7,35.06780757690381,80,No
3642,Sales,33,89075,0,38.17421119874639,68,No
3643,Finance,23,54514,6,40.399149793840834,74,No
3644,HR,35,79109,4,36.52305338508984,76,No
3645,Finance,43,54024,4,35.41841264022859,86,No
3646,Finance,52,66824,9,36.95045417609872,49,Yes
3647,IT,44,69070,6,44.75806159774558,86,No
3648,Finance,41,82938,7,37.16129578537302,56,No
3649,Marketing,59,81174,9,40.83927343551388,67,No
3650,Marketing,25,71804,7,37.49664865182626,75,No
3651,IT,36,37719,6,39.467473754087344,83,No
3652,HR,45,76672,5,44.23787008941346,88,Yes
3653,HR,46,65984,5,35.51118304418124,67,No
3654,Finance,22,90877,2,51.14042804517191,82,No
3655,Finance,28,87302,3,41.785795156216196,64,No
3656,Finance,52,55929,4,41.019691275634464,61,No
3657,HR,33,78732,6,34.75559480154698,93,Yes
3658,Sales,26,79028,4,43.251383067267106,93,No
3659,Marketing,59,77937,6,48.318563782461815,71,No
3660,Sales,33,75993,6,36.22255498224715,58,No
3661,Sales,39,79452,6,34.9802479993705,61,No
3662,HR,23,92522,1,40.23503279936452,88,No
3663,Sales,31,61729,4,34.94897458300077,80,No
3664,IT,36,56412,3,37.74384710401407,62,Yes
3665,Finance,51,81740,5,44.18279215777859,77,No
3666,IT,38,41749,11,48.84370476779416,65,No
3667,Marketing,25,79810,8,44.403048986276886,56,No
3668,Finance,28,77154,4,35.69858518696928,62,No
3669,Sales,52,34817,6,38.61878334170964,87,No
3670,Marketing,55,60454,4,38.25414979946933,54,No
3671,Finance,27,93639,7,40.50031318996918,73,Yes
3672,Sales,59,48142,2,44.42028375157825,61,No
3673,IT,55,73188,2,35.995674065612086,89,No
3674,Finance,36,54926,4,50.94006754615967,72,No
3675,Sales,35,59365,10,34.79658482248176,87,Yes
3676,IT,27,98744,9,35.84694920929616,66,No
3677,Marketing,58,71851,5,35.99835871445269,77,No
3678,Marketing,53,77754,2,52.30072104282756,67,No
3679,Marketing,24,68313,3,48.17035167549162,58,No
3680,Marketing,24,47273,6,35.924310974168016,64,No
3681,HR,43,52226,6,37.69628772147024,69,No
3682,Finance,43,87676,8,39.52338501500528,59,No
3683,Finance,31,72293,3,37.591624452970684,84,No
3684,HR,24,58445,9,44.50478117904398,64,Yes
3685,Sales,33,69669,3,42.45124333763577,87,No
3686,Sales,50,79923,5,41.0126953245242,65,Yes
3687,Marketing,38,76817,4,44.099609107161655,70,No
3688,IT,28,58453,6,42.19465502689997,65,Yes
3689,Sales,34,46370,5,43.364474464223164,74,No
3690,IT,23,63894,7,40.86570065469803,65,No
3691,Finance,25,86635,4,48.608850053818756,64,No
3692,IT,31,82815,5,40.65819122146317,92,No
3693,Finance,45,76156,6,39.25762269223118,89,Yes
3694,HR,38,67436,5,43.9884351433237,98,No
3695,HR,27,62248,8,42.84037014900964,73,No
3696,Marketing,40,67715,3,39.897807183599404,52,No
3697,Sales,26,81726,3,31.80869684490553,74,No
3698,Marketing,53,85152,2,47.04893556209514,65,Yes
3699,Finance,31,66073,5,46.212040395371716,69,No
3700,Marketing,30,108043,6,35.7490948629752,74,No
3701,IT,48,71386,7,42.079031472288094,95,Yes
3702,Finance,34,64795,4,37.38683332375484,76,No
3703,HR,40,92135,3,42.641674795724114,99,No
3704,Sales,42,39425,7,45.57780664303115,66,No
3705,Finance,45,77200,6,39.34823224527509,92,Yes
3706,Finance,59,68908,11,43.557861824663156,77,No
3707,IT,25,91722,10,32.95403262416038,50,No
3708,Sales,45,79073,7,35.6980472411218,77,No
3709,HR,56,72086,10,44.504962258006415,83,Yes
3710,Finance,24,79939,4,36.80513465882854,55,No
3711,Finance,25,54166,6,35.865267189092805,71,No
3712,IT,58,84502,4,36.37448451096784,68,No
3713,Marketing,56,49831,8,34.60834287198506,86,No
3714,HR,52,75377,8,45.0233807274578,69,No
3715,Sales,46,70534,6,45.39251842856542,70,Yes
3716,Finance,34,43554,9,36.197254462936655,64,No
3717,Finance,25,71034,2,34.4645393502754,63,No
3718,HR,35,74229,4,39.530855530904326,63,No
3719,Marketing,34,60176,2,34.14959787209459,60,No
3720,Finance,48,54813,5,43.52907428205461,60,No
3721,HR,27,77382,10,40.05110944842712,92,Yes
3722,IT,38,75434,8,38.18521710168913,91,No
3723,Marketing,57,73402,2,45.10739200022948,88,No
3724,Sales,56,70132,4,35.283058711032155,75,Yes
3725,Finance,38,61501,4,37.866998408266305,69,No
3726,HR,23,104082,2,34.01553163401736,81,No
3727,IT,34,65525,6,33.10435968592824,92,Yes
3728,Sales,23,57023,7,35.467373986427745,77,No
3729,HR,49,70816,4,35.95134613536251,70,No
3730,HR,47,67285,3,35.49017845870302,82,No
3731,Sales,43,65177,5,39.54275731085048,100,Yes
3732,IT,24,98114,7,39.502148117228465,65,No
3733,IT,56,53053,1,32.241356716621546,62,No
3734,Marketing,33,70561,7,43.9861929730122,89,Yes
3735,Finance,45,54059,8,32.41957429087904,87,No
3736,Sales,26,61884,3,31.36206771998823,62,No
3737,Sales,41,96041,4,45.180294697835414,78,No
3738,Sales,34,74221,7,34.486177584981064,70,No
3739,IT,33,74040,6,41.78542978075548,60,No
3740,Finance,34,55907,8,37.08091038008795,60,No
3741,Marketing,31,63630,1,34.97459639856915,68,No
3742,HR,54,97346,8,34.07180683964271,76,Yes
3743,HR,37,77490,9,41.9018996383552,83,Yes
3744,Sales,56,64904,4,35.33218823908126,70,No
3745,Finance,24,76609,4,45.47640322897647,71,No
3746,IT,26,74014,2,32.38738825523512,81,No
3747,Finance,47,57408,4,47.07500516103662,71,No
3748,Finance,32,64467,4,29.602573606812825,71,Yes
3749,IT,28,103818,2,41.425477693875656,89,No
3750,Sales,31,75880,7,34.12273627090543,70,No
3751,Finance,55,46464,7,32.04245420016405,67,No
3752,HR,24,77653,4,39.499797849184354,67,No
3753,IT,29,89546,6,43.37940604569947,72,No
3754,Marketing,52,56434,6,39.02177647955506,90,Yes
3755,Sales,32,63147,3,39.78009544885665,80,No
3756,IT,28,91806,5,41.018473302950355,73,No
3757,Marketing,23,70523,11,43.08511623925157,73,No
3758,Marketing,27,67856,7,48.22841250265914,84,Yes
3759,Finance,53,49959,6,36.276802900069676,73,No
3760,Finance,41,86058,0,42.39201225547457,73,No
3761,Finance,55,67172,10,37.1338765504715,78,No
3762,IT,37,37435,6,39.126267884129355,66,No
3763,IT,46,46410,6,43.41070297681874,98,No
3764,Sales,33,61576,3,40.90496800177198,97,No
3765,Finance,28,53907,7,36.27026265589946,76,No
3766,Marketing,38,56260,6,40.52328885066277,73,No
3767,HR,32,105170,1,41.76426547627707,64,No
3768,Sales,27,80612,5,43.15370876529198,75,No
3769,IT,44,31339,4,45.70778196802921,63,Yes
3770,Sales,48,65285,3,48.96233673523149,73,No
3771,Sales,27,68657,5,40.01261688821961,83,Yes
3772,Sales,59,47845,5,34.484461003587434,87,Yes
3773,Sales,23,78015,5,41.583297240905,92,Yes
3774,HR,43,39379,5,33.310125777691326,80,No
3775,Finance,41,86454,0,49.510875957600376,64,No
3776,Marketing,46,91622,0,37.21271434823378,92,No
3777,Sales,36,105288,9,44.925660969077825,86,Yes
3778,Sales,50,46385,6,41.57760753604491,70,No
3779,Sales,29,49436,6,41.22193250889509,63,No
3780,Finance,58,80390,1,32.094424662338255,77,No
3781,IT,54,87740,7,36.05859931722325,90,Yes
3782,IT,43,82134,5,38.02840229773404,69,No
3783,HR,26,86195,6,38.12958291142182,76,No
3784,IT,39,90652,6,40.464142137382055,82,Yes
3785,Sales,59,73033,6,36.693119797500835,57,No
3786,Sales,58,66811,2,42.45014507508418,67,No
3787,Sales,51,49477,3,39.51862044028546,94,No
3788,HR,52,65528,4,43.28732025404198,51,No
3789,Sales,31,67826,5,32.57448965753636,89,Yes
3790,IT,36,55754,3,43.90458569043856,89,No
3791,Finance,39,69426,6,48.146466048612,80,No
3792,Finance,44,54064,6,39.2026112809642,76,No
3793,Marketing,54,86699,4,46.035378407821995,55,No
3794,IT,37,76387,6,39.86122281944047,80,No
3795,Sales,59,63105,6,37.90777909318086,69,No
3796,Finance,56,72832,9,41.05456181216423,89,Yes
3797,IT,55,53423,2,47.84599849192781,79,No
3798,Finance,49,54944,4,47.44435741088533,56,No
3799,Sales,23,60492,2,32.34430386507982,65,Yes
3800,Finance,51,67121,5,34.85657590097759,56,No
3801,Marketing,34,72118,4,39.56450761732941,59,No
3802,Marketing,37,72177,6,36.46458631124083,85,Yes
3803,Finance,26,50218,4,41.911805360071966,72,No
3804,IT,49,68789,4,39.30742291089571,66,No
3805,IT,41,57729,5,37.732884114631915,74,No
3806,IT,45,18865,3,49.8870168806274,70,No
3807,Finance,48,116133,7,43.91353044377436,76,No
3808,IT,51,58020,7,43.57439119310935,100,Yes
3809,Sales,48,58852,6,35.96393941980991,74,No
3810,Marketing,47,49803,4,39.81406563048947,88,No
3811,Sales,28,54137,6,39.31486170974865,52,No
3812,IT,59,67169,2,40.46914531809966,70,No
3813,Sales,26,90277,5,37.79864642325033,60,No
3814,IT,44,67084,4,44.612705390683274,77,No
3815,Finance,49,65146,11,46.655605488874926,84,Yes
3816,Sales,55,88004,5,43.827205821239474,85,No
3817,Finance,36,62134,3,39.49990496885035,73,No
3818,Finance,53,70317,3,37.98547003392352,89,No
3819,HR,47,56176,2,45.412276347391675,78,No
3820,IT,52,95277,7,41.619014943712656,81,No
3821,Marketing,40,85727,4,42.782354468887576,69,No
3822,IT,30,67705,3,41.529536705419616,68,No
3823,Marketing,50,64008,6,36.28521444376801,71,No
3824,IT,25,69522,2,47.81694703718304,90,No
3825,Finance,24,67924,7,52.26883210536742,69,No
3826,Sales,50,46797,4,37.83961334051994,56,No
3827,Sales,32,86240,5,39.80334966433735,72,Yes
3828,HR,54,66592,9,38.096906612634896,67,No
3829,Marketing,59,98475,4,36.68559645180661,87,No
3830,Marketing,32,76327,4,42.98144297168261,76,No
3831,Marketing,48,32183,6,37.104594980172436,80,No
3832,Finance,54,50775,1,35.22401219346777,88,No
3833,Marketing,42,37809,6,42.23113570844515,78,No
3834,Sales,52,50589,5,35.62664827721122,63,No
3835,Finance,59,45495,5,36.919959428364145,79,Yes
3836,IT,23,73788,6,36.61865641807781,89,Yes
3837,Marketing,48,65258,7,42.31259985472625,75,No
3838,Marketing,57,81108,5,40.37081057198254,75,No
3839,IT,32,69428,6,30.655777494985145,68,No
3840,Marketing,39,66395,6,41.42873559202244,77,No
3841,IT,22,100048,5,35.87415932469733,80,No
3842,Finance,56,73342,6,47.688296322210725,89,Yes
3843,Sales,56,68792,4,29.648948865779467,96,No
3844,IT,52,57198,3,41.87993486084938,81,No
3845,HR,49,52361,5,43.89113793712618,93,Yes
3846,IT,22,81557,8,33.96624057308535,79,No
3847,Marketing,46,80660,5,38.606673423582926,82,Yes
3848,Finance,59,93573,2,40.47666910662308,100,No
3849,Finance,41,77183,7,39.248204036489426,73,No
3850,IT,24,64103,6,42.43637794126005,61,No
3851,Sales,23,77665,5,40.78864148782844,100,No
3852,HR,39,68795,5,43.93197761937187,83,No
3853,Finance,31,82980,3,41.648950234897725,61,No
3854,Marketing,26,90014,7,40.54637477630104,73,Yes
3855,Marketing,30,67471,7,38.61834312694556,80,No
3856,Sales,23,96359,7,41.23669272938834,66,Yes
3857,Finance,55,87825,3,48.74153583562028,60,No
3858,IT,59,70265,5,39.56838648977664,84,Yes
3859,Marketing,52,80061,6,33.63288599154728,52,No
3860,Sales,31,74582,5,45.47927979477525,68,No
3861,Finance,33,70329,5,50.37833558601184,68,No
3862,Finance,57,98697,4,42.88768894955103,63,No
3863,Finance,42,77764,5,49.824696160927445,70,No
3864,Finance,27,57385,5,40.71486736588524,72,No
3865,Finance,24,54580,5,54.744904635780514,38,Yes
3866,Marketing,31,55193,5,32.657726642866066,78,No
3867,Sales,26,77342,6,39.24668436477351,84,No
3868,Finance,47,64877,6,42.995645170764035,92,Yes
3869,HR,42,74999,3,36.17641612034975,74,No
3870,HR,47,84045,11,45.913972921161054,49,No
3871,Sales,59,100430,2,42.734878823994194,85,No
3872,IT,47,65222,4,38.92222150741248,75,No
3873,IT,29,48871,5,42.1488279877125,84,Yes
3874,IT,26,96886,3,40.99522704929176,76,No
3875,HR,36,48143,4,43.24855360392826,81,No
3876,IT,37,47553,6,38.83516167667425,64,No
3877,Marketing,22,96496,4,28.946738367404148,61,No
3878,Finance,37,85993,8,44.319517525533996,73,No
3879,HR,58,77272,3,39.674274237665415,74,No
3880,Sales,24,69251,5,36.07109336290327,65,Yes
3881,Sales,52,66411,8,38.12617986863133,65,Yes
3882,Finance,34,60237,5,39.01702273206324,65,No
3883,HR,37,65754,2,32.56406148565441,88,No
3884,IT,42,69288,4,35.5588127905026,63,No
3885,IT,23,49383,4,39.4252894449794,81,No
3886,Marketing,48,57696,3,39.14881654726057,65,No
3887,Marketing,59,38321,5,35.33215419456583,80,No
3888,IT,47,71168,8,33.5586694733829,91,Yes
3889,Sales,59,71171,7,35.7348872911569,88,Yes
3890,Sales,46,96677,3,41.483625096140315,71,No
3891,Marketing,32,75633,8,36.76793560204572,78,No
3892,Finance,29,61659,6,44.36020479058541,69,Yes
3893,IT,29,66994,5,45.810595551698626,86,Yes
3894,Marketing,54,77302,3,48.71927130055889,74,No
3895,Marketing,28,73414,6,43.12269240539006,91,No
3896,IT,59,78674,4,42.11204832965697,63,No
3897,IT,42,75655,6,46.886887838105096,65,No
3898,Sales,29,66210,5,33.90888766030446,82,Yes
3899,Finance,42,61963,9,43.1316497393935,80,No
3900,Finance,41,61156,5,44.7461784194339,96,No
3901,IT,29,56120,4,39.94823697481474,71,No
3902,HR,52,53768,4,44.11309564762025,68,Yes
3903,Marketing,50,97576,7,38.33046613197563,68,No
3904,Marketing,30,71870,5,40.19732842491853,71,No
3905,IT,36,67670,5,41.83255915160209,79,No
3906,HR,51,62561,2,41.68413853635956,55,No
3907,Sales,47,76433,7,33.0518680974439,60,No
3908,IT,31,88054,2,37.431544844829176,77,No
3909,IT,50,80848,7,40.21168511700862,79,No
3910,Marketing,37,83823,3,41.960675312105046,71,No
3911,IT,57,61202,6,43.366246149208536,80,No
3912,IT,41,69938,7,40.122098055741645,56,No
3913,IT,58,61399,4,45.540225443304514,66,No
3914,Marketing,43,71605,6,38.53746030468736,65,No
3915,Sales,28,89088,3,44.28422847088743,64,No
3916,Sales,44,76591,6,39.25010733603142,84,Yes
3917,IT,50,94400,6,35.41472116715476,86,Yes
3918,Marketing,37,65672,7,53.09250039766195,48,No
3919,Sales,59,57895,7,42.495992167875414,51,No
3920,Sales,49,77681,8,30.795435868842155,76,No
3921,Sales,59,71782,4,44.51765126876121,67,No
3922,Marketing,52,74840,3,40.82272008857799,73,No
3923,Marketing,35,72598,6,44.335158214400245,78,Yes
3924,IT,54,62733,3,42.709687580446996,96,No
3925,Finance,30,72936,6,36.18199044487359,74,Yes
3926,Sales,48,84600,4,44.60051575955705,85,No
3927,Finance,45,86141,5,36.68621836459862,69,No
3928,Marketing,34,62657,4,35.96336494472895,80,No
3929,Marketing,47,73465,6,38.325284916052034,83,Yes
3930,Marketing,50,92156,6,34.809814518950766,68,No
3931,Finance,49,62981,10,42.505552734166756,66,No
3932,Marketing,49,60258,5,50.428137014152696,69,No
3933,IT,29,81916,3,34.48024423950445,85,No
3934,Marketing,44,79284,7,46.874278606582564,83,Yes
3935,HR,50,57445,3,37.00634317129035,45,No
3936,Finance,26,49008,4,37.03171958373302,69,Yes
3937,HR,28,73173,4,34.29249718024969,80,No
3938,Marketing,57,63721,3,41.714817641828475,93,No
3939,IT,48,44738,10,33.381491890143636,73,No
3940,Sales,23,59691,5,37.629952973642474,79,No
3941,Marketing,46,79039,7,45.544261396018925,76,No
3942,IT,30,67728,7,47.81822526499046,68,No
3943,Finance,48,93491,5,35.24908907747693,58,No
3944,HR,22,38691,4,38.47888138151898,59,No
3945,HR,44,90069,6,39.290465871053435,84,Yes
3946,HR,31,64841,4,32.64235766308657,76,No
3947,Finance,46,62673,3,37.13052344180705,66,No
3948,IT,24,46732,5,36.82753517091742,57,No
3949,Finance,27,76976,5,42.44351291740481,84,Yes
3950,HR,27,42598,3,41.2264530702753,63,No
3951,Marketing,23,82268,5,40.6193078892784,83,No
3952,Sales,39,47299,4,38.94459824251096,73,No
3953,Finance,44,49664,8,46.55699062152043,74,No
3954,Finance,23,52131,1,39.89125157557586,96,No
3955,IT,33,59260,4,44.96751870216832,49,Yes
3956,IT,43,84131,4,42.94846965417368,64,No
3957,Finance,58,92559,4,40.76376928324709,94,No
3958,HR,41,60811,7,44.44671441989992,86,Yes
3959,Sales,45,69301,2,38.459543934527545,72,No
3960,IT,41,77348,1,35.527091865186534,97,No
3961,HR,22,65060,5,39.85234380621026,87,Yes
3962,Marketing,22,76761,7,47.51226963769128,68,No
3963,IT,38,69938,4,41.07012296445402,62,Yes
3964,HR,22,66198,7,37.47774963909401,91,No
3965,HR,51,48702,11,35.94463751051204,65,Yes
3966,Sales,24,72235,3,32.39082176386001,77,No
3967,Sales,32,84375,4,35.89982552702426,92,No
3968,Marketing,45,58325,3,41.50203996543578,77,No
3969,HR,43,40475,5,38.812611737715024,75,No
3970,HR,47,65206,3,41.111057538944905,54,No
3971,Sales,34,92646,9,35.43969215545103,86,Yes
3972,IT,22,88179,6,45.13315919495261,53,No
3973,IT,45,61293,6,43.76237183551239,91,Yes
3974,Finance,31,76832,6,37.18898939228331,54,No
3975,Sales,56,79203,9,32.941665916563636,65,No
3976,Finance,45,92355,6,41.251119163105955,89,No
3977,Sales,49,46741,10,30.168359217630304,92,Yes
3978,Marketing,57,53967,8,33.42362330358947,76,Yes
3979,HR,37,39853,3,37.98210020878131,70,No
3980,Marketing,37,59823,7,35.59232337733932,76,No
3981,Sales,38,85994,0,46.47457407166509,51,No
3982,HR,36,61604,2,38.3527597347362,88,No
3983,IT,37,50377,3,42.43740980439955,67,Yes
3984,IT,36,73399,6,29.11285029593643,71,No
3985,Finance,55,73785,5,31.077607702490994,76,No
3986,Sales,32,54744,6,36.620420631972,78,No
3987,Sales,22,62409,3,41.06710630477815,80,No
3988,IT,36,72258,6,33.64790183334894,89,Yes
3989,Marketing,47,81189,4,41.81387919362078,90,No
3990,HR,25,60266,5,46.74175227712621,74,Yes
3991,Marketing,26,58105,7,36.0568389015601,83,No
3992,Marketing,56,98688,8,39.94268070461262,85,Yes
3993,IT,34,65889,5,38.629197168194146,54,No
3994,IT,31,73741,4,37.88034262159427,69,No
3995,IT,32,79725,8,41.591792804816734,64,No
3996,Finance,39,43196,7,40.04376134155558,75,No
3997,Marketing,55,69722,2,39.08762607316623,90,Yes
3998,Sales,44,45314,3,40.707220156847626,84,No
3999,HR,28,68038,7,44.313972741880704,84,Yes
4000,Finance,24,90596,4,43.018800720323206,70,No
4001,Sales,33,55022,6,31.225033629169793,70,No
4002,Marketing,28,45003,8,35.57064278842143,67,No
4003,IT,47,98315,4,42.92184434445318,64,No
4004,Marketing,54,52794,2,52.90789953065816,81,No
4005,HR,58,47521,8,36.72538610472571,68,No
4006,Finance,36,94285,9,32.50810235988835,59,No
4007,Finance,23,52202,2,51.391623173977294,78,No
4008,HR,28,94673,2,46.33368100355809,75,No
4009,Sales,53,74111,6,46.00528138086222,78,No
4010,Sales,25,89259,3,40.55088319390916,92,No
4011,Finance,41,72790,8,39.745958812891985,75,No
4012,Finance,57,86195,4,39.2877579491878,67,No
4013,IT,53,56223,4,43.803946779882054,67,No
4014,Sales,49,60795,8,46.26128259141191,63,No
4015,HR,34,38267,5,40.81550646402066,65,No
4016,Sales,22,84576,2,43.87520055895235,59,No
4017,IT,56,76293,6,46.96018402045111,76,No
4018,Finance,51,54890,3,44.69172507302465,66,No
4019,Finance,57,43766,10,42.91253605546065,76,No
4020,IT,46,74227,6,36.39102199154696,70,No
4021,HR,37,95139,5,36.7470574037885,73,No
4022,Finance,40,67930,6,31.378043798575895,96,No
4023,Marketing,22,60123,3,41.92858662689174,88,No
4024,Finance,26,55943,10,40.56587961238149,56,No
4025,Marketing,43,88740,2,46.363952731058916,67,No
4026,IT,45,58311,2,42.28330024954406,52,No
4027,IT,58,64432,4,38.38053309110891,70,No
4028,Finance,57,85626,6,37.57622086659481,78,No
4029,Sales,57,79562,4,41.7272951456228,87,No
4030,Marketing,25,65006,2,41.26201861483936,87,No
4031,HR,57,59515,7,49.11527462881679,78,No
4032,Finance,39,91983,5,39.4566463402711,63,No
4033,HR,37,53254,9,42.432866457729226,85,Yes
4034,Finance,39,66845,5,48.17384740869918,75,No
4035,Sales,43,47411,8,39.2680312052099,77,No
4036,Sales,23,87833,9,38.34706549488742,98,No
4037,Sales,42,62876,7,33.33047621861414,63,No
4038,Sales,57,59505,3,38.19818775786175,99,No
4039,IT,50,79924,5,41.889321565705615,96,Yes
4040,IT,47,48617,5,46.8707920343581,75,No
4041,Marketing,42,79530,4,33.12860159372495,77,No
4042,HR,38,64591,4,35.51231775296399,66,No
4043,Finance,37,51920,4,30.578402823980923,77,No
4044,Finance,52,55146,5,49.013351473249045,76,No
4045,IT,30,59736,11,40.805655441636084,66,No
4046,Finance,52,63339,4,37.83326445124922,66,No
4047,IT,35,52022,4,31.01676762678423,72,No
4048,Marketing,58,74417,4,39.990239166925576,74,No
4049,HR,23,51629,4,37.980090885015386,54,No
4050,Marketing,35,34523,5,31.033807137580858,88,Yes
4051,Sales,54,98794,2,38.56104162673854,69,No
4052,Sales,56,72968,6,46.12599702791729,71,No
4053,Sales,41,100142,12,38.69838529072469,77,No
4054,Marketing,23,54345,6,45.882649846976086,71,No
4055,Finance,40,77196,6,47.78379223153947,88,Yes
4056,HR,58,83419,7,38.65799631183711,71,No
4057,Sales,39,67159,6,39.55313914531273,68,No
4058,Sales,37,48333,6,42.50731757198513,82,Yes
4059,Sales,25,66032,4,45.113241316602384,84,No
4060,HR,33,79395,7,47.11217990266303,100,Yes
4061,Sales,50,78823,4,47.592727773342524,52,No
4062,HR,28,69975,6,36.33223843726181,75,No
4063,Sales,35,83459,4,47.27332357139422,83,No
4064,Marketing,33,82751,4,42.57286763891302,64,No
4065,Marketing,56,62144,7,37.390644955603406,91,Yes
4066,HR,26,47193,2,34.2790579993729,66,No
4067,Marketing,38,72856,2,36.00779587445555,76,No
4068,HR,53,58800,10,41.82185271529313,88,Yes
4069,Marketing,31,72156,6,37.54310196297854,61,No
4070,Marketing,38,90182,4,41.812360435645616,73,No
4071,HR,26,76562,4,34.364758937443185,84,No
4072,Finance,30,89443,3,36.23104287610128,76,No
4073,Marketing,54,54827,2,39.55049544119574,83,No
4074,Sales,57,86311,2,39.13954709284389,84,No
4075,Finance,57,95148,6,33.615045788343224,68,No
4076,HR,39,70964,3,36.854758786397305,94,No
4077,Finance,30,104830,3,31.280159145592386,64,No
4078,IT,50,57138,0,40.33157151896063,91,No
4079,IT,35,60417,7,47.638845731290715,79,No
4080,Marketing,46,79749,4,36.16944244062857,67,No
4081,Marketing,36,70816,5,35.233048514095586,64,No
4082,Sales,27,58856,3,44.913098288806964,78,No
4083,Finance,50,79286,4,34.14637685914535,72,Yes
4084,IT,36,75333,5,45.02766318038646,80,No
4085,Marketing,50,61205,3,33.990277070118196,72,No
4086,Finance,25,72835,3,38.22257332732888,75,No
4087,Marketing,39,81385,4,38.794338976203306,81,No
4088,Marketing,37,60873,5,43.522020184421216,74,No
4089,IT,32,77754,5,49.36157480077375,71,No
4090,IT,35,56994,2,38.26792454573259,79,No
4091,Marketing,24,59892,4,39.907242809817575,70,No
4092,HR,59,86673,6,31.45139726871843,83,No
4093,Marketing,39,79206,6,39.795879200047295,80,No
4094,Marketing,41,41697,10,45.77392631112103,83,Yes
4095,Sales,46,64386,3,51.814325374563786,83,No
4096,Sales,59,77345,6,38.2032353452935,72,No
4097,Sales,34,72082,5,43.58404641186561,51,No
4098,HR,25,79273,5,45.78752589565248,73,No
4099,HR,35,71739,5,32.808301956455026,77,No
4100,Marketing,54,68011,1,47.09295204087976,73,No
4101,Sales,49,67552,9,35.9650646112406,66,No
4102,HR,58,86367,6,41.32292188343723,89,Yes
4103,IT,29,80424,2,33.685557775839705,65,No
4104,Marketing,55,76071,2,38.16751998560729,66,No
4105,Finance,26,71332,10,31.559271516928476,69,No
4106,Marketing,26,61767,6,41.33260575364396,71,No
4107,Finance,52,65398,4,47.67410737488879,68,No
4108,Sales,30,85970,3,40.16422772830277,74,No
4109,Finance,53,84557,7,32.78990919043999,76,No
4110,Sales,54,60271,7,38.30797310734284,63,No
4111,IT,24,71498,9,41.068090011757235,61,No
4112,Finance,51,77477,7,39.271686727674634,83,No
4113,Marketing,33,76497,6,43.3937515307549,74,No
4114,Sales,50,76382,5,50.07800772433594,87,Yes
4115,Marketing,24,53318,5,39.70574917167571,82,No
4116,HR,47,52427,5,39.348757393825686,71,Yes
4117,Sales,51,87552,4,36.394141985892624,80,No
4118,Finance,30,92635,5,45.15062192157148,83,Yes
4119,Sales,47,47777,6,49.55337485292751,65,No
4120,Marketing,23,69583,8,39.05081333942241,56,No
4121,IT,24,82210,5,41.27316133181588,63,No
4122,Sales,25,36943,2,40.813176198867566,81,No
4123,Finance,46,53899,3,36.1587950255844,95,No
4124,HR,34,68617,5,43.66311804061973,74,No
4125,IT,56,61041,5,39.797442716725904,90,Yes
4126,HR,44,73137,3,41.13524514577899,85,No
4127,Sales,30,92057,5,44.82917833145009,66,No
4128,Marketing,23,57208,3,38.36642622284062,74,No
4129,Marketing,52,70754,10,40.46891910409992,82,Yes
4130,Finance,23,64828,6,36.37290093375293,60,No
4131,Marketing,53,72045,3,34.54153774531326,85,Yes
4132,IT,39,70087,3,40.606657646275,87,No
4133,Marketing,34,109557,7,41.03854942370426,84,Yes
4134,Finance,26,92343,5,44.615599271301086,73,No
4135,Sales,31,46285,8,36.18350581643145,80,No
4136,Sales,46,56497,5,34.75072315908049,86,Yes
4137,Marketing,55,58332,8,48.887875481988274,57,No
4138,HR,58,51485,6,40.6559363749966,46,No
4139,Sales,51,49474,6,33.114554795509996,81,Yes
4140,Marketing,28,67324,8,39.722888665167225,67,No
4141,Finance,27,58904,8,36.71567953777235,77,Yes
4142,Marketing,24,56638,6,41.791154745907285,77,No
4143,Sales,34,100307,5,37.91320500758504,89,Yes
4144,Finance,24,59936,3,46.184581659246845,77,Yes
4145,Marketing,47,63352,5,33.50006392560326,81,Yes
4146,IT,45,81121,4,46.3915648768631,80,No
4147,Finance,27,63302,5,43.71554130240754,84,Yes
4148,IT,33,52514,3,41.61413364952046,68,No
4149,HR,57,66130,4,45.17230572747185,78,No
4150,Finance,23,100131,6,46.0774203917378,47,No
4151,IT,32,62778,12,40.00671109216673,67,No
4152,Sales,55,56323,5,48.14821459006481,87,No
4153,Sales,47,76303,8,43.08919976731514,59,No
4154,HR,39,65411,9,37.261453464508165,60,No
4155,Finance,42,111084,5,33.26660315036545,82,Yes
4156,Finance,57,58196,6,45.37003404347561,67,No
4157,Finance,43,96005,6,39.99715960669031,90,Yes
4158,HR,51,87450,0,31.042419547617566,75,No
4159,Finance,51,64279,5,41.6673721969334,93,Yes
4160,Sales,29,69947,4,38.709729476686064,95,No
4161,IT,55,54551,2,36.64844852013639,90,No
4162,Sales,30,61923,6,45.04561127768484,68,No
4163,Sales,41,64173,5,36.06141246728642,61,No
4164,IT,46,72367,4,37.73311086065554,90,No
4165,Sales,40,48809,6,38.92120621610317,74,No
4166,HR,26,74672,3,45.084105218988114,77,No
4167,IT,32,67811,10,34.12757535227914,88,Yes
4168,Sales,36,75971,6,36.83640515574323,61,No
4169,Marketing,29,78209,5,42.125923154722685,82,Yes
4170,Sales,40,66610,6,42.480167511241206,69,No
4171,HR,44,77322,4,34.369388304722406,84,No
4172,Finance,48,68692,5,38.0301592039053,79,Yes
4173,Sales,53,81152,3,39.41339795282054,85,No
4174,Finance,47,74741,5,41.43986764938175,69,No
4175,Marketing,48,72715,4,38.95131372971414,66,No
4176,Sales,40,68463,3,47.69382559006534,75,No
4177,IT,50,89437,6,39.50727393052767,68,No
4178,Finance,54,76077,4,47.54587387504599,67,No
4179,Marketing,40,50178,3,37.67530207077306,66,No
4180,IT,58,62920,5,31.996010192722746,82,Yes
4181,IT,40,66571,4,52.55445407661644,98,No
4182,IT,54,69983,1,39.56577807667773,84,Yes
4183,IT,37,72650,3,41.84812839578364,83,No
4184,Sales,44,55836,5,32.749227818328016,83,Yes
4185,Sales,28,68980,6,41.30968456861477,64,No
4186,Sales,47,65288,3,44.10784347605775,83,No
4187,Marketing,53,86271,5,34.27189359218593,53,No
4188,Marketing,33,55073,3,39.2870026286693,79,No
4189,Marketing,29,69739,7,39.69729428892691,83,No
4190,HR,26,59719,5,33.59467446863554,84,Yes
4191,Marketing,49,97944,4,48.12293891219568,82,No
4192,Sales,26,88849,9,26.61988369409887,60,No
4193,Sales,47,45364,2,29.30701336691009,67,Yes
4194,HR,26,58056,2,40.531575444616266,89,No
4195,HR,43,83063,6,35.02553221065557,79,No
4196,Marketing,36,76859,12,43.385527989744446,78,No
4197,Finance,34,76388,2,38.27181224267773,68,No
4198,HR,49,72862,6,41.99241702066328,61,No
4199,IT,54,84267,3,33.16478264296312,66,No
4200,Sales,44,81714,6,38.0123945410622,58,No
4201,IT,54,65641,9,37.78739052614298,81,No
4202,Sales,39,52011,4,51.720184154102846,39,No
4203,Sales,51,44649,5,37.73525790392375,66,No
4204,HR,47,68445,5,28.55302473887487,98,Yes
4205,HR,37,42401,2,45.50559989398859,72,No
4206,IT,34,73764,4,38.77910855426096,65,No
4207,Sales,54,65379,7,41.34731564964472,100,No
4208,IT,47,99158,5,38.27331614687109,70,No
4209,Finance,22,75146,5,33.61877724232909,98,Yes
4210,IT,59,69561,6,46.53477809550356,71,No
4211,Marketing,23,45757,5,35.11024443422991,85,Yes
4212,IT,27,51065,3,32.58827256530374,100,No
4213,Marketing,59,80220,5,42.351609064125036,76,No
4214,Marketing,45,65303,6,40.7785623688389,70,No
4215,Marketing,39,108030,5,45.34688516175339,83,Yes
4216,Finance,48,68754,5,41.40231955269222,63,No
4217,IT,29,72533,9,39.62418218445661,90,Yes
4218,IT,49,50246,6,44.53825360721527,67,No
4219,Finance,31,84211,4,31.760809077938518,56,No
4220,Sales,38,56114,5,39.09152621638981,73,No
4221,HR,50,77866,7,35.26733404339883,69,No
4222,IT,27,82176,6,41.26529011016442,45,Yes
4223,HR,35,71427,6,44.07850606134556,75,Yes
4224,Finance,43,96354,4,41.394412257238535,61,No
4225,Sales,27,60839,6,43.543883224261194,69,No
4226,Sales,47,95133,5,46.19481250527739,61,No
4227,Sales,33,50935,7,42.51712902106365,82,Yes
4228,Finance,56,81985,7,43.70648522034767,74,No
4229,Marketing,35,67863,2,49.372982186641465,57,Yes
4230,Marketing,43,59378,9,53.198661286858204,91,No
4231,HR,44,45080,7,39.21560736670607,78,No
4232,Marketing,28,66089,6,35.29979944390191,69,No
4233,Marketing,46,65142,4,27.103782350750834,65,No
4234,Sales,34,72593,5,49.623819046199756,74,No
4235,Sales,42,80872,3,37.15851990258262,59,No
4236,HR,31,57873,3,42.31327466524075,90,No
4237,IT,30,96374,8,43.30023196275697,88,Yes
4238,HR,36,61921,4,44.02724351536377,71,No
4239,HR,23,79032,5,38.7456639292143,70,No
4240,Finance,46,71352,6,43.973020458002246,64,No
4241,Finance,34,67019,4,42.71062767577238,78,No
4242,HR,55,70600,4,36.6099244794103,78,No
4243,HR,55,55895,4,48.1320830022154,83,Yes
4244,HR,56,64186,4,43.384249044881976,78,No
4245,Marketing,59,49903,6,33.581075539576396,64,No
4246,Finance,24,61760,4,38.14205315200311,66,No
4247,HR,27,62999,5,38.02982479208071,76,No
4248,Sales,40,82678,5,37.14958497023821,66,No
4249,Sales,24,65021,7,43.05637132921257,91,Yes
4250,Marketing,39,63278,2,46.45572073886047,74,No
4251,Marketing,30,73300,2,34.52866434188926,57,No
4252,IT,33,72712,6,38.21435727661973,73,No
4253,IT,26,61134,4,45.73120671132014,72,No
4254,IT,24,75913,5,35.799867097027644,91,No
4255,Marketing,32,67320,2,36.43151903587629,75,No
4256,Marketing,51,61110,3,28.737953307882325,82,No
4257,Marketing,25,62567,5,43.843747967045616,73,No
4258,Sales,26,84240,7,41.0112463596404,87,Yes
4259,Marketing,22,63018,6,38.329396033377456,90,Yes
4260,Sales,48,73916,8,31.97216205912595,64,No
4261,IT,49,50763,2,38.28618465804867,67,No
4262,IT,50,86729,4,30.38613945681446,72,No
4263,IT,39,61255,6,39.123235887280636,86,Yes
4264,HR,33,76004,7,49.60366636086633,67,Yes
4265,HR,34,66226,4,40.98101700079799,48,No
4266,Finance,23,75832,7,46.16217713745256,84,Yes
4267,Finance,58,76651,6,46.52689857043642,65,Yes
4268,Finance,37,67830,10,37.35903825195494,71,No
4269,HR,45,42010,9,43.09234683731875,70,No
4270,HR,56,86365,4,26.34506013066761,50,No
4271,Finance,43,67901,4,41.406134854500316,60,No
4272,Finance,57,75520,2,45.378268998359104,85,No
4273,Marketing,32,80375,6,42.6121666245921,74,No
4274,Finance,50,63142,3,38.20645984887064,86,No
4275,Marketing,56,77757,8,46.27848321289085,94,No
4276,Sales,36,58785,5,45.686618966440804,55,No
4277,HR,52,75813,3,39.753835591183694,71,No
4278,Finance,37,70295,6,47.453914134677774,73,No
4279,HR,31,63662,2,42.59030640487862,93,No
4280,HR,53,70704,7,31.950931950922502,62,No
4281,HR,23,54172,3,41.6010762983497,78,No
4282,Sales,45,74635,4,36.4157771415237,90,No
4283,IT,44,76192,4,42.48479596975498,85,No
4284,Finance,23,75184,12,21.815019744877326,81,Yes
4285,IT,59,92532,5,47.970689889520784,66,No
4286,IT,52,68575,6,45.5839053343949,88,Yes
4287,IT,47,69608,2,47.95031905922289,55,No
4288,HR,50,52445,8,39.948897536602104,81,Yes
4289,Marketing,24,93587,10,45.78086439827823,54,No
4290,HR,35,47527,1,41.05783763912604,96,Yes
4291,HR,46,73428,2,35.08157374502249,61,No
4292,IT,22,60778,4,35.94333646792312,69,No
4293,HR,24,70934,8,38.27401391008283,94,No
4294,IT,47,50379,5,46.25044736819308,80,No
4295,Marketing,39,83374,5,46.081823706495946,66,No
4296,Finance,30,55672,3,36.76590193523307,76,No
4297,IT,59,87493,6,43.58809635098728,78,No
4298,Marketing,44,56085,5,40.081200072222735,80,No
4299,Finance,42,84628,8,35.27764242624828,72,No
4300,Sales,22,57535,4,34.091884241106236,71,No
4301,IT,42,60780,3,38.84458474375193,83,No
4302,IT,48,69972,4,44.666565022372964,71,No
4303,Sales,27,57281,3,37.46524569641938,62,No
4304,Sales,57,56839,2,43.950777841650755,71,No
4305,IT,49,57454,1,41.55070836691614,74,No
4306,Sales,38,74782,4,31.81044008165533,79,No
4307,HR,24,69993,8,50.03969369706819,77,No
4308,Finance,33,70789,5,45.974675825647395,59,No
4309,Finance,33,65130,3,32.957506825734924,80,No
4310,Finance,23,78230,3,41.99634011836139,72,No
4311,HR,43,85750,6,47.3796650834216,68,No
4312,Sales,44,78634,5,42.05251024873327,86,No
4313,Marketing,51,66865,1,37.92677457018103,66,No
4314,Sales,26,51688,5,39.385674205947595,96,No
4315,IT,30,40343,2,38.74434409324115,95,No
4316,Finance,42,69027,4,39.29236066821732,87,No
4317,Sales,32,40102,8,45.62200316432648,66,No
4318,Marketing,26,67010,1,42.3632643792985,81,No
4319,IT,56,91039,7,35.684712313570884,78,No
4320,HR,48,52697,6,38.63837862096312,66,No
4321,HR,23,50708,1,38.01719965748212,87,No
4322,Marketing,45,79554,5,41.4465985647707,74,No
4323,IT,52,27913,10,34.415249022086755,45,No
4324,Finance,54,75727,7,32.46590662591606,92,Yes
4325,Sales,51,92027,6,35.360524051029685,93,Yes
4326,IT,58,56912,6,32.19877707992802,74,No
4327,HR,49,54336,4,32.362876873855264,82,No
4328,Marketing,52,78850,6,46.12206208761981,79,No
4329,Marketing,32,52438,5,39.35698460923781,69,No
4330,Sales,44,82162,4,41.8594424989992,100,No
4331,Marketing,23,53660,8,40.303992457165194,67,No
4332,Marketing,48,96526,7,40.584015655134145,75,Yes
4333,IT,56,79934,3,41.49262163027615,61,No
4334,Finance,23,70570,10,42.938098002983004,85,Yes
4335,Sales,58,95661,4,41.846365803253654,83,No
4336,IT,42,85473,4,53.94189511548079,85,No
4337,Finance,26,75529,7,34.873629457789875,60,No
4338,IT,42,42051,5,34.700000109428196,78,Yes
4339,IT,50,59477,5,37.264585460657614,79,No
4340,Marketing,41,86281,5,33.38500574848154,59,No
4341,Finance,59,50498,2,38.55894776723483,79,No
4342,Sales,41,58514,3,35.21729887714562,67,No
4343,Sales,46,54668,4,40.4072960353819,71,No
4344,Finance,23,76035,2,40.36709515705004,81,Yes
4345,Marketing,53,84454,2,33.47517384846899,77,No
4346,HR,47,84468,4,43.83215834603705,66,No
4347,IT,27,57207,1,35.98919595069311,61,No
4348,Marketing,24,75829,1,35.31047766573571,73,No
4349,Finance,54,56501,5,42.196745246529474,77,No
4350,IT,22,66841,3,40.00018085963449,75,No
4351,Sales,26,77802,3,40.006503890644744,73,No
4352,HR,34,85920,5,35.03642062634221,72,No
4353,Sales,40,37759,4,34.4346894452371,92,No
4354,Finance,33,71479,3,43.98777250232383,77,No
4355,IT,46,91109,0,39.631264766229386,77,No
4356,Finance,56,73483,7,41.145716025968845,72,No
4357,IT,33,71239,6,40.76296759834179,69,No
4358,Marketing,51,61554,5,43.388340244117444,97,No
4359,HR,26,90711,5,39.71271299498315,81,Yes
4360,Marketing,55,62248,4,38.84029779759273,84,No
4361,Marketing,43,68497,7,43.585676886056106,65,No
4362,Finance,34,62946,8,51.17333766952659,86,Yes
4363,HR,24,71622,3,33.789701368478575,62,No
4364,IT,41,91384,4,37.256799924840706,79,No
4365,IT,52,56408,6,41.46485097738176,76,No
4366,Sales,26,71688,4,29.120119903070215,90,No
4367,IT,45,75865,5,45.551855693647774,69,Yes
4368,Finance,54,57815,6,43.974655726153635,81,Yes
4369,Marketing,29,69114,2,40.150261906469694,79,No
4370,Marketing,45,97770,11,42.33185330479665,65,Yes
4371,Marketing,41,43472,5,47.53428162531334,81,No
4372,HR,37,63681,5,41.44596342520559,73,No
4373,IT,33,73758,5,33.6742923251295,74,No
4374,Finance,34,64360,3,44.802159931671945,70,Yes
4375,HR,46,113293,4,44.63232554029627,75,No
4376,Sales,53,78230,8,41.04121184011224,75,Yes
4377,Finance,45,54334,6,53.075291807704765,81,Yes
4378,Finance,30,34948,6,39.47569658059253,78,No
4379,Finance,44,75104,7,31.028943944405324,85,Yes
4380,Marketing,34,58665,5,41.29719286425443,84,No
4381,Finance,53,89333,8,40.733912318005366,93,Yes
4382,IT,36,65877,5,51.13365565775071,83,Yes
4383,Finance,57,61474,2,41.783704160493976,76,No
4384,Marketing,26,61221,1,38.79341127207302,88,No
4385,Finance,43,84797,6,33.7235847422146,76,Yes
4386,Sales,37,76233,8,49.039112979327285,78,No
4387,Sales,31,96339,6,28.593020306741824,44,No
4388,Marketing,45,66773,4,42.346513806580646,64,No
4389,IT,39,82934,6,29.954135171118622,83,No
4390,IT,39,83190,4,38.54110581132116,91,No
4391,HR,28,80107,2,38.222841004036,81,No
4392,Marketing,25,62352,2,36.5672130843856,82,No
4393,Finance,47,77101,2,38.14959370040825,83,No
4394,Marketing,26,68541,7,40.70100298254163,75,No
4395,HR,37,68147,4,37.695306944653325,63,No
4396,Marketing,56,57912,6,39.409514172086055,82,Yes
4397,Marketing,47,38194,5,36.526381186003306,60,No
4398,HR,39,88725,4,38.78930565312036,80,No
4399,IT,50,76473,2,44.86427171772542,92,No
4400,Finance,44,49852,6,37.6928052944634,78,No
4401,HR,35,80765,5,47.807078852808516,81,Yes
4402,Sales,36,89022,3,44.85692680349841,88,Yes
4403,IT,54,81665,5,44.106635681800086,73,No
4404,Sales,46,56625,1,40.036947008040826,92,Yes
4405,IT,42,59020,4,35.24489474866144,87,No
4406,Finance,38,61781,6,40.49459371415019,76,No
4407,Finance,44,82916,1,48.79433041917705,48,No
4408,Marketing,38,77184,5,35.87438152534392,73,No
4409,Sales,35,111854,4,41.46919083023786,73,No
4410,IT,50,45386,7,35.460821373884094,78,No
4411,Finance,41,69211,8,37.985756552065766,92,Yes
4412,HR,51,41083,3,41.500028124701316,87,No
4413,Finance,40,78949,4,41.82176380147116,77,Yes
4414,HR,34,86003,8,40.58586386844736,71,No
4415,IT,39,91631,1,43.03242460346717,53,No
4416,Finance,44,72827,5,42.27195433193011,84,Yes
4417,Finance,54,41300,9,38.36054145053703,79,No
4418,IT,39,69247,5,43.61668691323269,87,Yes
4419,Finance,30,76551,3,35.16586687822865,79,No
4420,HR,54,54922,3,38.70768480856364,68,No
4421,Finance,53,66025,4,37.67809599664051,81,Yes
4422,Sales,38,50844,3,41.86162402092132,79,No
4423,Marketing,40,60809,4,28.114314462943284,87,No
4424,HR,48,83686,9,38.00288791247059,71,No
4425,Sales,27,80202,7,42.28305428688295,67,No
4426,IT,56,49071,5,52.34986912375484,77,No
4427,HR,58,59425,5,40.24865845229264,74,No
4428,Marketing,55,70856,2,34.589756165209735,68,Yes
4429,Marketing,41,73397,7,43.37192647674426,68,No
4430,IT,46,60056,3,36.59868259249788,90,No
4431,IT,25,77146,5,33.21050330632104,74,No
4432,HR,31,69470,2,40.913393975265585,89,No
4433,Finance,31,31350,2,46.61296400169549,100,No
4434,IT,45,61424,4,35.99129134645433,73,No
4435,Finance,42,60996,4,38.94292832261294,67,No
4436,Sales,32,80174,8,43.464240714902,63,No
4437,Marketing,48,80440,9,45.11357174351885,88,No
4438,Finance,37,44918,10,47.1311376744902,74,No
4439,Marketing,47,76577,8,36.5137446672704,77,No
4440,Finance,51,68890,10,39.37424138056402,71,No
4441,Sales,37,71896,2,29.15229884595707,74,No
4442,IT,28,60792,7,38.02655757845697,100,Yes
4443,Sales,37,69072,6,34.75683084311659,68,No
4444,IT,56,87254,6,40.702550996303835,51,No
4445,IT,37,71682,6,44.42868409899648,75,No
4446,Marketing,33,69363,5,43.45121026035641,69,No
4447,Sales,56,62811,4,34.201700263118425,84,No
4448,Finance,42,85783,4,38.00836230937079,76,No
4449,Sales,57,50788,4,42.30556893306085,89,No
4450,Marketing,38,57970,3,40.625077101573424,51,No
4451,IT,53,49926,6,36.48246860595329,82,Yes
4452,Marketing,27,73010,4,41.873155151510005,92,No
4453,HR,45,87696,8,43.83070701296053,71,Yes
4454,HR,48,65068,4,39.05212031834113,71,No
4455,Finance,41,53958,5,35.04802595972575,70,No
4456,Marketing,46,94546,6,41.88652814564744,69,No
4457,Finance,23,76769,4,35.6877653972415,89,No
4458,Finance,30,74162,5,46.61173026315117,64,No
4459,HR,49,67147,1,26.81444654399364,83,No
4460,Finance,59,80035,2,38.375641611180164,57,No
4461,HR,24,73927,4,35.54864553448123,60,No
4462,IT,41,62780,3,43.56142299069652,77,No
4463,Marketing,27,65292,2,47.16628398199651,62,No
4464,Finance,54,54701,5,36.728734961002836,62,No
4465,HR,22,52831,7,35.310818419161144,90,Yes
4466,Sales,58,65550,5,43.21959858385909,81,Yes
4467,Finance,27,87313,2,31.051917758613975,76,Yes
4468,IT,55,54487,8,41.2324838725739,83,Yes
4469,IT,36,82545,4,39.8311979059556,58,No
4470,Sales,47,58015,3,38.905663556125816,64,No
4471,HR,35,43200,3,35.80565494759962,78,No
4472,Finance,28,78198,8,29.444659538673235,57,No
4473,HR,52,94431,5,44.86919397209836,58,No
4474,IT,45,57163,3,43.14700255456922,71,No
4475,HR,52,46451,10,39.710773060596274,77,Yes
4476,IT,50,76823,4,41.14755391681496,72,No
4477,HR,53,56152,3,39.24651196175683,64,No
4478,Sales,38,78049,6,44.91101460907728,65,No
4479,Marketing,35,87272,2,39.006332452190485,72,No
4480,Sales,57,74959,7,39.84182635130665,84,Yes
4481,Sales,45,82146,2,40.736511802506,93,No
4482,Marketing,48,82249,7,38.075467330316656,76,No
4483,Marketing,46,84849,5,39.53622449856276,52,No
4484,Finance,53,70678,9,39.34183108627468,85,Yes
4485,Finance,39,81686,3,36.57402889696502,83,No
4486,Sales,39,72466,4,35.235604051035615,68,No
4487,Sales,58,75869,5,39.011903192183915,72,Yes
4488,IT,47,115775,4,38.48592389405023,92,No
4489,IT,30,73624,7,45.29244316245175,94,No
4490,Finance,56,47533,7,35.189083586810625,65,No
4491,Finance,29,67038,3,37.210234678345316,100,Yes
4492,IT,41,65342,5,40.9226194567646,80,Yes
4493,IT,43,66028,7,41.99098524683212,100,Yes
4494,HR,40,84301,8,39.30457382330065,59,No
4495,HR,51,86958,3,44.092438975195286,68,No
4496,IT,49,68415,3,39.47769660329637,49,No
4497,HR,56,49121,8,35.658359086795286,72,No
4498,Marketing,32,71486,2,39.803887665007316,85,No
4499,Finance,52,61849,5,43.7259287118213,97,Yes
4500,Finance,57,73156,5,44.861977728014764,66,No
4501,IT,51,68185,3,44.722510048162206,79,No
4502,Sales,44,88245,7,40.96841916021715,71,No
4503,IT,40,74122,4,41.31298905627408,83,Yes
4504,HR,33,61897,4,42.948998149489704,73,Yes
4505,Sales,36,49217,4,31.858178840921646,71,Yes
4506,HR,52,69279,5,36.41137305721541,54,No
4507,Marketing,58,69333,7,41.49340765485897,78,No
4508,HR,58,66063,2,35.070584820184806,92,No
4509,Marketing,36,81629,5,45.757377666447,59,No
4510,Marketing,50,49258,7,45.3374736796049,86,No
4511,HR,47,58561,5,37.29027306600746,76,No
4512,HR,23,70793,0,35.468030429971826,50,No
4513,Marketing,41,61607,4,42.15010655434123,70,No
4514,Sales,36,64649,0,33.61451390084552,71,Yes
4515,Marketing,25,69096,3,40.69899344457256,80,Yes
4516,Finance,43,80289,9,54.15131243280403,81,Yes
4517,Marketing,59,68491,3,34.957885918244166,76,No
4518,Sales,44,40454,5,36.08930388352336,83,Yes
4519,Finance,47,60958,5,36.912692924624984,64,No
4520,IT,32,77436,6,35.51001667408408,72,No
4521,IT,49,81440,2,35.76345828433363,73,No
4522,Sales,23,82267,6,48.59495208602769,89,Yes
4523,Marketing,29,86517,5,40.313639697555146,52,No
4524,HR,50,71776,5,44.546754027527264,82,Yes
4525,Sales,32,73947,4,45.99716879667531,93,No
4526,Finance,58,54791,5,30.97927818940403,76,No
4527,Finance,39,37381,2,36.15344300127352,100,Yes
4528,IT,35,48736,4,35.465659202284364,69,No
4529,Finance,31,59472,1,26.838365433766285,73,No
4530,Sales,56,49604,5,42.12976276723516,68,No
4531,Finance,30,65606,6,41.51844489641247,72,No
4532,Sales,56,63068,3,46.61172490088589,82,No
4533,HR,32,84067,3,42.37060330787643,70,No
4534,IT,33,55462,3,26.96200244357371,65,Yes
4535,Finance,24,72108,7,36.489891351683305,55,No
4536,Sales,35,63703,10,36.85193025710438,73,No
4537,Marketing,49,54901,10,42.55681269582887,74,No
4538,IT,32,59084,11,26.73591515932804,71,No
4539,HR,46,39231,4,42.71981590182263,100,No
4540,Sales,42,81225,5,43.94051071605153,82,No
4541,HR,31,91033,5,38.749073041404586,68,No
4542,HR,36,65988,2,36.004953574384004,83,No
4543,Finance,40,70435,6,45.890796012785394,84,Yes
4544,Finance,43,65562,6,33.08216697732288,74,No
4545,Sales,42,57698,7,45.728545323872936,70,No
4546,Marketing,53,80573,8,44.54292931062089,63,No
4547,Sales,44,74786,5,42.80344001531922,91,No
4548,Marketing,34,26317,6,49.08412800609506,73,No
4549,HR,26,54480,5,40.084659197135906,72,No
4550,IT,25,39204,3,43.1050207396828,88,No
4551,Sales,49,93331,3,39.759651405220126,75,Yes
4552,Sales,35,67422,2,38.393965840716014,100,No
4553,Marketing,29,73610,3,42.64335606959423,68,No
4554,HR,30,64700,4,38.48332842436625,70,No
4555,HR,56,86540,12,40.312825843971765,66,No
4556,Marketing,58,82910,7,40.33996118903142,65,No
4557,HR,42,66767,8,37.97583169129375,79,No
4558,Finance,39,95769,3,43.67318966141825,83,No
4559,IT,54,72779,6,31.143641929064636,70,No
4560,Sales,29,48098,6,36.52436663010548,75,No
4561,IT,38,71500,6,35.131788037478415,77,No
4562,Sales,52,77761,3,41.53587513854458,90,No
4563,Finance,55,68001,5,38.811445048388954,67,No
4564,HR,27,63827,6,32.9059142662107,77,No
4565,Marketing,43,96465,4,42.35038337372484,80,No
4566,Finance,35,52212,6,41.137415875982896,79,No
4567,IT,24,28544,5,40.182349237662216,75,No
4568,Marketing,33,94285,8,43.90326631848892,87,Yes
4569,HR,57,51609,7,42.610025259514366,66,No
4570,Finance,33,65700,4,38.83473655936067,72,No
4571,Marketing,23,64338,5,42.08111650584754,67,No
4572,Finance,23,88476,3,46.847750141359484,67,No
4573,Finance,36,91522,5,39.233060996052345,76,No
4574,HR,44,50614,10,46.232304293773346,86,Yes
4575,Sales,50,90353,4,49.47604563440522,65,Yes
4576,Marketing,38,90076,6,41.65011881046162,86,Yes
4577,HR,53,70290,5,34.972704006202775,71,No
4578,Finance,28,83988,4,38.51347722095974,63,No
4579,HR,51,85492,1,40.81413040572453,67,No
4580,Sales,49,66213,8,40.10077613106886,86,Yes
4581,Marketing,35,67636,5,40.64434831265257,62,No
4582,Sales,51,78839,3,46.074927576131664,99,No
4583,IT,38,45572,4,35.749559323371805,76,No
4584,Marketing,53,64692,3,41.840578855873886,54,No
4585,Sales,27,51994,6,44.60637708435851,62,No
4586,Finance,45,91353,7,38.746122067155426,84,Yes
4587,Marketing,27,64516,6,34.8701660547101,57,No
4588,Marketing,48,74145,4,38.97324814223356,82,No
4589,HR,39,66723,1,34.792704163534516,60,No
4590,Finance,45,65747,5,36.46730145486849,79,No
4591,IT,58,73164,4,42.90699556118765,90,No
4592,Sales,45,59040,4,41.321830087969715,79,No
4593,HR,59,67022,9,43.56011377678439,85,Yes
4594,Sales,55,66912,4,42.41909916143223,83,No
4595,IT,36,63651,2,38.969930282845624,61,No
4596,IT,32,75865,2,34.9501400978714,60,No
4597,Marketing,43,63295,5,41.61838290668952,53,No
4598,IT,45,94166,4,37.327822233317306,78,No
4599,Sales,22,79434,5,39.30343118922642,73,No
4600,Finance,39,49760,4,36.425492608583504,63,No
4601,Finance,33,78263,6,44.51959109929773,79,No
4602,Marketing,49,59657,6,28.794996688136123,94,Yes
4603,Sales,28,72035,7,42.57595888010044,83,Yes
4604,Sales,44,59032,11,40.7456454018069,91,No
4605,IT,42,37083,3,44.43429963374105,70,No
4606,Sales,55,69673,7,33.887168792095174,77,No
4607,HR,32,48483,6,39.76975539819811,78,No
4608,IT,43,76295,2,37.860883520079575,85,No
4609,HR,56,72621,2,39.20908121198967,56,No
4610,Marketing,50,60941,8,40.088116568122736,93,Yes
4611,Finance,49,97383,3,37.60218420127696,77,Yes
4612,Marketing,39,51410,6,39.45902284066137,90,Yes
4613,Finance,35,60634,5,46.19507363142741,87,Yes
4614,Marketing,39,53189,7,47.23607827180266,49,No
4615,Sales,49,100619,3,41.1936273747861,79,No
4616,HR,45,90283,5,47.33254255590511,80,No
4617,Finance,29,48668,0,32.78089802574257,72,No
4618,IT,29,57616,4,44.02386664293244,75,No
4619,HR,25,58125,3,41.062059463428454,64,No
4620,IT,48,61739,6,38.14470601273937,73,No
4621,HR,57,54358,8,43.06536312002229,71,No
4622,HR,26,60913,3,40.78228801122619,68,No
4623,Marketing,54,85073,2,37.003341976802226,70,No
4624,Finance,55,99203,3,43.49750877838345,46,No
4625,Finance,51,46834,4,39.774421618566706,68,Yes
4626,HR,29,54383,3,36.428127761451,64,No
4627,Sales,47,73203,3,44.052580041613226,65,No
4628,Sales,58,46295,4,31.478505249000335,58,No
4629,IT,55,73591,5,48.21548888335889,72,No
4630,IT,28,78101,5,44.533251624863986,64,No
4631,Marketing,49,80509,8,30.545324035675087,64,No
4632,HR,49,77682,6,46.06924374042129,76,No
4633,IT,35,61971,4,40.42499457022708,94,No
4634,IT,59,67274,5,29.713089515311456,76,No
4635,HR,25,52307,8,30.692242190085828,87,No
4636,Marketing,39,76965,4,42.86238000546375,73,No
4637,IT,46,94050,2,34.5373982245247,100,No
4638,Marketing,28,76933,6,35.625161280638984,61,No
4639,Finance,59,59574,3,40.52629990696919,51,No
4640,Marketing,49,84921,5,42.52896515709465,85,Yes
4641,Sales,26,105484,4,41.06339746993472,83,No
4642,Sales,24,73647,4,35.467728264192786,53,No
4643,Marketing,52,78317,7,36.25033857660137,73,No
4644,Sales,41,80165,2,34.69685325119573,96,No
4645,Finance,40,45933,8,41.1520176964195,85,No
4646,HR,32,63833,6,40.89929825584174,56,No
4647,Sales,24,62292,8,41.99166070472864,50,No
4648,Sales,44,82522,4,40.92001486887986,94,No
4649,Marketing,28,80775,7,40.564364854671894,64,No
4650,Finance,44,68188,5,44.46711950048155,86,Yes
4651,HR,28,61391,5,40.48756862758563,83,Yes
4652,Marketing,55,44701,9,44.41916200107751,74,No
4653,Marketing,40,69768,4,38.03747056208683,66,No
4654,Finance,30,55681,1,36.06728675091716,92,No
4655,HR,39,53822,5,46.00391755483507,48,No
4656,Finance,46,83894,5,37.651327162819946,88,Yes
4657,HR,35,82328,5,39.45305679912692,71,No
4658,Finance,46,62671,7,35.86291602476915,65,No
4659,Marketing,40,46464,8,49.93623659347226,73,No
4660,Marketing,36,57612,7,32.346581782035045,88,No
4661,IT,37,84898,9,44.913130384203065,60,No
4662,Sales,48,77015,4,30.695457694443938,78,No
4663,Finance,31,62922,6,38.109284638120045,82,Yes
4664,IT,25,70881,7,43.70127866569421,72,No
4665,Sales,40,38877,4,48.39679707104404,61,Yes
4666,Finance,49,37742,7,38.80609185123843,65,No
4667,HR,42,99656,5,37.29754468942942,96,Yes
4668,Sales,35,77597,5,41.018282623731785,86,Yes
4669,Marketing,54,70024,3,48.256176481345534,82,No
4670,IT,31,64045,5,40.848840130883474,100,Yes
4671,Sales,40,43572,4,42.55414899216518,65,No
4672,Sales,51,84898,1,36.80020048277866,74,Yes
4673,Marketing,43,52946,8,44.54573916817266,75,No
4674,Finance,24,80562,8,32.16840928455904,89,Yes
4675,HR,58,71980,3,46.263615446830926,55,No
4676,Marketing,39,69218,4,46.644539262879775,75,No
4677,HR,32,50464,6,50.10393722128845,74,No
4678,Finance,23,50664,5,46.63387971957065,84,Yes
4679,Sales,33,75849,5,37.30231067955205,69,No
4680,HR,27,71188,6,47.32728470266905,89,No
4681,IT,50,70707,3,45.65099997545973,79,No
4682,IT,51,74290,9,36.37631022629038,65,No
4683,Marketing,23,40948,5,41.04232251312236,81,Yes
4684,Finance,30,85227,5,25.432906493073318,73,No
4685,Marketing,23,64661,3,33.1030974638612,80,No
4686,Marketing,50,87544,2,44.10480880214828,60,No
4687,Marketing,54,39875,2,48.17470483917386,71,No
4688,IT,31,78535,7,44.1241107590973,87,Yes
4689,IT,55,78393,5,40.276753563662886,91,Yes
4690,Marketing,29,47708,9,34.834645785162635,80,No
4691,IT,58,60411,3,43.221785040616254,72,No
4692,Finance,54,54107,7,30.418524319364973,68,No
4693,Marketing,27,82948,7,42.57480058733941,66,No
4694,IT,40,74633,6,35.49181035427922,66,No
4695,HR,53,93982,5,43.776553074398564,64,No
4696,Marketing,48,73044,9,44.018786966974375,73,No
4697,Marketing,22,80983,5,37.17274654046767,67,No
4698,Finance,54,87580,5,44.669109262196436,81,No
4699,Sales,53,78316,3,31.229149352249777,79,No
4700,Sales,26,64237,5,39.28219269568801,88,Yes
4701,Finance,38,61445,4,43.9552824746016,81,No
4702,Finance,29,68803,5,43.1085273786075,85,No
4703,Finance,55,81948,2,37.22152539941326,65,Yes
4704,Sales,30,58508,6,44.41052356769881,80,No
4705,Finance,44,79782,4,44.59601260612699,77,No
4706,IT,56,74839,2,34.1331634591681,51,No
4707,Marketing,28,51200,4,39.44018002503372,74,No
4708,Marketing,36,79053,2,40.97522883096769,62,No
4709,HR,41,72128,5,40.903744292189394,56,No
4710,HR,46,61742,4,44.0571996796728,71,No
4711,Marketing,24,71911,3,37.93379864005635,67,No
4712,IT,45,62325,4,48.179085136316445,65,No
4713,Sales,55,73715,6,38.03025380473955,57,No
4714,Sales,43,67480,5,34.329963828623555,96,Yes
4715,IT,32,47051,4,38.8665057217855,60,No
4716,Sales,29,67929,4,41.270671434984415,70,No
4717,Finance,56,63359,6,34.1064681399253,83,Yes
4718,Marketing,59,79533,4,38.463683940346705,86,No
4719,Marketing,29,83196,4,33.799155783749754,61,No
4720,IT,58,62364,5,43.515765356631555,72,No
4721,Sales,48,58159,8,39.11262477404985,81,No
4722,HR,49,44797,5,28.070247946472588,78,No
4723,HR,55,57789,7,45.190195020565604,79,No
4724,Sales,53,65150,8,34.147108181679386,60,No
4725,HR,36,49911,4,53.33463695319317,65,No
4726,IT,38,83397,3,36.582830491234404,73,Yes
4727,IT,54,73932,3,37.10829449293009,71,No
4728,Sales,37,68193,5,40.80206373457434,76,Yes
4729,HR,50,69749,2,27.928562443727174,62,No
4730,IT,30,74590,6,42.20209746295233,86,No
4731,IT,54,79496,7,43.506032073492946,60,Yes
4732,Finance,50,82135,7,44.53138179854329,77,No
4733,Finance,34,65363,2,41.40364875370926,65,No
4734,IT,42,67870,5,40.45539129630906,71,No
4735,Sales,42,72594,6,32.41270903703256,57,No
4736,Marketing,26,67258,5,42.465765193240316,72,No
4737,Marketing,31,83084,3,39.79090530801616,82,No
4738,IT,27,88409,4,37.86477801727306,90,No
4739,IT,34,75161,4,34.83546945014466,73,No
4740,IT,22,56377,3,42.39943145657231,60,No
4741,Sales,41,77626,7,38.386836563633345,84,Yes
4742,Finance,29,75755,5,30.58951853408685,79,Yes
4743,IT,31,55119,7,38.88479954471417,72,No
4744,IT,30,75738,5,36.14789565838458,68,No
4745,HR,24,61837,2,44.37990595138764,73,No
4746,Sales,32,81191,4,39.17102348220593,75,No
4747,IT,33,77504,4,38.6863749396314,84,No
4748,HR,31,73344,2,41.54365676265427,64,No
4749,Marketing,46,70578,6,48.37461468027041,66,No
4750,IT,46,37999,4,42.030287587877034,72,Yes
4751,IT,32,51785,6,36.05182633488285,58,No
4752,HR,57,68037,4,32.21527572714984,83,No
4753,Sales,47,92790,2,46.651154992374885,82,Yes
4754,IT,35,78470,4,27.74048547978972,78,No
4755,Marketing,22,97210,1,39.89171868962736,100,No
4756,IT,25,71244,9,51.74689447088106,83,Yes
4757,Marketing,51,69537,2,31.11175500606859,91,No
4758,Finance,33,91376,5,34.414922229812134,75,No
4759,Finance,56,67611,6,40.99611239315617,68,No
4760,Marketing,34,55202,5,35.97120143358248,57,No
4761,Sales,52,74751,4,39.42157523045876,78,No
4762,IT,59,86837,3,42.12560066640701,81,No
4763,IT,44,57610,7,42.84625492098009,86,Yes
4764,Finance,25,78835,2,45.539924947002305,68,No
4765,Marketing,37,68601,0,32.092115420834155,83,Yes
4766,IT,28,76770,5,46.331357703362315,59,No
4767,IT,43,74703,4,46.73317632824484,76,No
4768,Sales,50,63785,3,44.22853444622777,81,No
4769,HR,32,68407,3,34.34195635499725,82,No
4770,Finance,54,64701,7,34.085464228086074,84,Yes
4771,Finance,50,71781,6,41.48301280940412,81,Yes
4772,HR,33,57308,5,43.21925680714349,76,No
4773,IT,28,60893,4,45.87729439944337,89,No
4774,Sales,47,63790,4,37.59558142097087,74,No
4775,Sales,30,75875,6,43.1330179926776,74,No
4776,Finance,55,48766,6,42.86105206250803,93,Yes
4777,Sales,34,68393,3,36.727862251276626,41,No
4778,HR,57,59376,3,37.79660477392815,81,No
4779,IT,46,63828,3,32.01681202556066,82,No
4780,HR,45,60097,1,34.680212701486695,69,Yes
4781,Marketing,38,72918,6,36.8500042100617,75,No
4782,Finance,23,67643,5,42.60957661320005,74,No
4783,Sales,34,80674,6,51.31314835763031,72,No
4784,Marketing,52,76025,3,42.423918863762694,74,No
4785,Sales,50,46944,4,33.777022322211856,79,No
4786,IT,49,55600,6,37.61312600879158,67,Yes
4787,IT,48,67403,8,45.251215748792475,74,No
4788,IT,36,69355,5,35.984424972950066,58,No
4789,Sales,52,56923,1,47.49600255228743,67,No
4790,Marketing,36,89559,4,43.42263487300137,61,No
4791,IT,54,82970,5,38.74236978708042,76,No
4792,Marketing,41,45328,5,30.434462948571117,62,No
4793,Sales,33,75181,4,45.03750180749938,58,No
4794,Marketing,58,69313,5,43.21841100779756,58,No
4795,Sales,30,88658,10,42.363099888406616,62,No
4796,Sales,44,46451,3,53.375502313934575,87,No
4797,Finance,29,100897,4,35.31967229491119,93,No
4798,Sales,53,57355,10,47.60793895323673,70,No
4799,Sales,35,75677,2,39.06748130896182,57,No
4800,HR,48,60904,3,41.275749728634004,71,No
4801,IT,46,64357,3,41.5606873318215,91,No
4802,Finance,34,44658,6,44.17298619757379,77,No
4803,Finance,42,87953,3,36.42742238630882,57,No
4804,Finance,52,65955,5,51.96899671128781,96,Yes
4805,HR,58,66975,11,34.4721750138091,70,No
4806,Sales,26,104687,6,38.21622612547787,68,No
4807,IT,34,84391,1,49.21688184466789,89,No
4808,Marketing,49,59974,7,45.899099001825526,78,No
4809,Sales,46,60846,3,38.2165655258874,90,No
4810,HR,56,73897,3,43.40154781033597,73,No
4811,Sales,28,81560,4,34.61306884201187,74,No
4812,Sales,59,96286,5,35.94709717352354,69,No
4813,HR,53,45878,5,38.179347735841255,76,No
4814,Finance,24,80905,6,47.13204324193698,74,No
4815,Finance,58,83315,7,29.46978247443932,66,No
4816,IT,43,58157,4,44.40264991816695,54,No
4817,IT,29,64596,8,38.022196202492964,80,No
4818,Finance,38,45545,8,43.105824164886585,78,No
4819,Marketing,48,62486,8,42.91924886542344,71,No
4820,Sales,54,73481,1,39.86582032257427,86,No
4821,Marketing,38,93911,6,36.22239627088421,76,No
4822,Sales,33,95295,7,36.665569778205274,80,No
4823,Finance,48,54560,0,38.43213411686874,74,No
4824,IT,29,91867,8,31.870343990609804,55,No
4825,IT,44,40759,4,40.44719236360556,90,No
4826,Marketing,50,61226,6,36.47112674315797,79,No
4827,IT,41,65472,4,37.68501277052998,59,No
4828,Finance,37,73776,7,38.97045514107069,69,No
4829,Marketing,38,71597,11,43.75141160144153,81,Yes
4830,Sales,37,75485,8,46.191055318232664,93,No
4831,IT,40,67255,10,46.86375941983144,78,No
4832,HR,29,84393,4,42.05315362781303,83,No
4833,IT,59,80377,4,38.05154977546128,94,No
4834,Sales,59,65656,5,33.46080985563838,94,Yes
4835,Marketing,50,82635,7,52.20442717864183,78,No
4836,Sales,57,101026,3,48.90476305546555,82,No
4837,HR,47,59901,6,44.45979537294977,63,Yes
4838,Finance,52,95130,5,43.29031683934191,74,No
4839,IT,33,61247,5,38.23000754390759,79,No
4840,Marketing,38,91154,4,40.65229261057494,69,No
4841,Finance,36,61810,3,44.60314196495723,59,No
4842,Sales,30,81484,5,30.545560090003054,74,No
4843,Marketing,33,72694,7,36.93916446160214,53,Yes
4844,Finance,53,43221,3,40.05291511982985,93,No
4845,Marketing,46,98733,3,30.384378003225514,74,No
4846,HR,39,56568,5,32.56243216463614,87,Yes
4847,HR,36,50956,2,36.70898004330253,64,No
4848,IT,53,60408,5,40.43003156529137,68,No
4849,IT,27,107968,4,47.5515520925007,82,No
4850,HR,56,51194,2,37.76406941589617,92,No
4851,Marketing,55,72673,3,49.40564479855327,77,No
4852,HR,59,53152,6,36.36364662060939,65,No
4853,IT,26,55724,8,39.37117949699257,85,No
4854,HR,39,46008,9,32.595076886280495,62,No
4855,HR,37,74727,5,37.82046625778131,90,Yes
4856,Marketing,29,67581,5,30.48454399600918,87,No
4857,Finance,46,53029,3,56.92889764853183,65,Yes
4858,IT,53,83098,6,34.77465515903114,73,No
4859,Marketing,47,84680,4,41.795051278822335,68,No
4860,HR,43,76108,4,37.615186727278115,79,No
4861,HR,52,87560,5,38.82391086964382,80,No
4862,Finance,31,64764,2,39.61780809715637,54,No
4863,IT,33,74835,6,44.74732236873397,81,Yes
4864,IT,49,64822,3,42.5409264831256,73,No
4865,Sales,27,47390,7,41.20895418193813,60,No
4866,IT,41,73288,2,42.89839854382293,82,No
4867,Finance,26,72380,8,41.85562337227791,94,Yes
4868,Sales,44,69547,7,33.61921942115569,76,No
4869,Sales,30,75608,4,38.75913972874297,91,No
4870,HR,50,91178,2,43.419027167620335,84,No
4871,HR,37,66933,2,37.02385016663346,84,Yes
4872,IT,43,55642,10,41.7856855731126,80,No
4873,Sales,29,66283,5,45.5119959735179,72,No
4874,HR,41,67947,5,36.53038745290161,66,No
4875,Finance,35,84753,3,45.0912327725835,100,No
4876,HR,58,71599,5,39.470414190849766,77,No
4877,HR,55,52777,5,40.366216507196185,76,Yes
4878,Sales,32,82081,4,44.23228234696769,88,No
4879,Sales,54,79676,7,42.96633591333372,52,No
4880,Marketing,52,71606,2,26.405440015760853,81,No
4881,Finance,55,84223,7,30.82561954427149,91,Yes
4882,Sales,28,86734,6,42.65865998524619,90,Yes
4883,IT,44,64338,1,39.294249469596224,81,Yes
4884,Finance,28,56497,7,31.984440193681866,62,Yes
4885,Finance,46,69821,4,36.70373444685874,85,No
4886,Sales,24,78049,4,31.519777871246838,61,No
4887,Finance,59,68419,1,39.473091817571195,93,No
4888,Sales,41,55173,5,46.291256997063144,84,No
4889,HR,55,72440,5,36.425247089599594,70,No
4890,Marketing,51,39497,5,41.22863045699186,87,Yes
4891,HR,38,65133,7,39.47786672239498,73,No
4892,Sales,31,82767,3,48.00580790746808,76,No
4893,Sales,56,83581,7,46.341084633088116,83,Yes
4894,HR,41,13603,1,32.05532321328508,74,No
4895,IT,39,67111,4,39.0430325869806,72,No
4896,IT,48,78989,6,35.57115513681015,67,No
4897,IT,57,52358,3,36.99543236049075,86,No
4898,Sales,44,64420,3,43.926845495147724,75,No
4899,Finance,53,88115,3,40.96550378545684,87,No
4900,Sales,31,62737,3,43.85755984030896,68,No
4901,Finance,32,93979,6,28.543987058681502,63,No
4902,HR,59,58882,3,44.65222231080483,88,No
4903,Marketing,27,91148,5,42.140433047107166,62,No
4904,Finance,55,70503,8,48.03478216878872,68,No
4905,IT,57,56825,4,36.945935101634426,82,Yes
4906,Sales,58,91198,5,45.380546197197624,96,Yes
4907,HR,38,51902,2,41.460270290394696,79,No
4908,IT,33,58060,3,40.66523966435213,62,No
4909,HR,42,77348,7,37.56058124392733,64,Yes
4910,Marketing,40,71212,8,39.527027528803,74,No
4911,Sales,24,74109,5,35.10347772691749,82,Yes
4912,Sales,39,64475,5,38.01126299710368,63,No
4913,Marketing,40,52009,4,37.04616716499589,64,Yes
4914,Sales,27,60216,5,38.569146498584225,74,No
4915,Finance,37,89805,2,39.09134345292805,83,No
4916,HR,29,49945,8,39.21671154151891,59,No
4917,IT,39,94667,5,39.96084990584037,46,No
4918,Marketing,33,74737,1,39.91230740358062,73,No
4919,Finance,31,61047,5,40.54033239170875,100,Yes
4920,IT,28,39969,6,39.849958382088225,69,No
4921,IT,22,41939,5,38.64763196068187,89,Yes
4922,Marketing,57,64661,6,42.15128738271842,62,No
4923,Finance,42,62844,10,46.061939819025035,76,No
4924,IT,58,71766,4,38.32199222119349,88,No
4925,IT,45,95787,7,37.32500861675659,73,No
4926,Finance,46,78063,4,41.882805187158716,60,No
4927,Sales,28,68069,6,40.53886595651166,75,No
4928,IT,38,88252,1,35.16575628554601,84,No
4929,HR,50,72259,5,36.24374239589421,98,Yes
4930,Finance,51,93995,3,37.0270858425735,58,No
4931,IT,28,59918,7,34.81605707811673,79,No
4932,Marketing,54,52783,7,42.1915198353923,64,No
4933,HR,28,39995,4,43.8237089236268,76,No
4934,IT,45,68418,5,35.942644401319555,64,No
4935,HR,32,51480,7,33.19778836663653,66,No
4936,HR,30,51267,5,40.863364431343406,94,No
4937,Sales,33,85514,1,40.15410460525936,75,No
4938,HR,56,44168,6,51.509279219629754,59,No
4939,Sales,25,71553,8,43.33757393136855,72,No
4940,Finance,57,68751,6,34.363653494656944,82,No
4941,Sales,49,71381,3,35.2418076253987,77,No
4942,Marketing,34,90761,7,41.576771256681766,80,No
4943,IT,44,57614,7,39.725960336404086,97,Yes
4944,Finance,40,90774,2,39.447988159733924,86,No
4945,Finance,58,43596,5,40.33440020617995,91,Yes
4946,Marketing,45,79761,7,43.87676140013822,79,No
4947,Sales,37,92145,5,49.270367669776846,85,Yes
4948,IT,54,9189,6,46.64714913472325,66,No
4949,Sales,33,69469,2,34.927483666664855,83,No
4950,HR,55,68249,8,37.32705237748482,93,Yes
4951,Sales,28,71077,6,28.23179972277986,77,No
4952,Finance,32,95673,5,41.05470806593364,69,No
4953,IT,52,58545,7,37.37458065121108,91,Yes
4954,Sales,50,52232,7,39.903009596840846,65,No
4955,IT,34,71186,5,35.88558893421695,100,No
4956,IT,52,86864,7,35.83256904375531,79,No
4957,HR,23,78379,6,32.29816864670164,55,Yes
4958,HR,36,70514,8,38.403957423958374,80,Yes
4959,Finance,32,66561,8,42.84466118111327,91,Yes
4960,Marketing,55,39896,9,36.630228715749226,88,Yes
4961,IT,25,78787,7,43.258188875027614,75,No
4962,Marketing,32,80580,0,36.54348443504735,76,No
4963,Finance,50,59614,5,40.0034357940212,88,Yes
4964,IT,23,63029,8,46.77782112947017,51,No
4965,IT,37,54276,1,37.560755113823234,68,No
4966,Marketing,34,83021,4,41.12539591865355,66,No
4967,Sales,58,64512,4,41.29856898678138,85,No
4968,HR,38,67760,1,41.364135679126605,64,No
4969,Sales,42,79438,5,42.65086997804751,66,No
4970,Marketing,40,74904,3,41.23144478470691,69,No
4971,HR,28,78449,5,34.865115092985334,65,No
4972,Sales,59,72622,2,37.93265744045857,87,Yes
4973,HR,29,72956,4,42.87811565852196,69,No
4974,IT,34,72814,11,43.52307269699444,81,No
4975,Sales,58,76793,8,36.28577117838397,68,No
4976,HR,23,77522,3,44.86291483468969,74,No
4977,HR,32,51629,5,37.61385159402099,72,No
4978,HR,45,61042,7,41.66287521791962,52,No
4979,Sales,27,66949,5,40.97596603853196,60,No
4980,Finance,47,76777,5,35.434672919511165,60,No
4981,Sales,28,93961,4,38.62866995571039,88,No
4982,Marketing,40,57801,5,29.780813778466857,90,Yes
4983,Sales,27,83179,5,38.031839607391575,69,No
4984,HR,50,61465,5,46.16811450368703,80,No
4985,IT,23,90557,2,30.475611438738234,66,No
4986,Sales,40,98685,3,35.655806358492526,78,No
4987,Sales,25,43779,4,37.69305175473445,70,No
4988,HR,27,65104,6,29.325333345959812,68,No
4989,IT,58,34746,5,29.95471451316609,82,Yes
4990,IT,49,44652,7,50.30108310712545,78,No
4991,Marketing,51,45587,0,42.93438042438119,66,No
4992,Sales,28,79360,3,44.99787910894232,95,No
4993,IT,30,76554,4,41.751421731027136,97,No
4994,IT,46,82018,3,42.89784960956568,76,No
4995,Finance,54,79118,6,38.408141906204506,82,Yes
4996,Finance,22,77275,7,45.21435249230299,100,No
4997,IT,27,71677,6,47.17001091331313,82,No
4998,Marketing,39,68036,5,36.617540704435285,58,No
4999,IT,31,85293,3,38.76078884435375,75,No
5000,HR,49,70184,2,37.09862309707886,70,No
